SET FOREIGN_KEY_CHECKS=0;
SET SQL_MODE="NO_AUTO_VALUE_ON_ZERO";
SET time_zone = "+00:00";

/*!40101 SET @OLD_CHARACTER_SET_CLIENT=@@CHARACTER_SET_CLIENT */;
/*!40101 SET @OLD_CHARACTER_SET_RESULTS=@@CHARACTER_SET_RESULTS */;
/*!40101 SET @OLD_COLLATION_CONNECTION=@@COLLATION_CONNECTION */;
/*!40101 SET NAMES utf8 */;

DROP DATABASE IF EXISTS `omgl3_pjt`;
CREATE DATABASE `omgl3_pjt` DEFAULT CHARACTER SET utf8 COLLATE utf8_general_ci;
USE `omgl3_pjt`;

CREATE TABLE IF NOT EXISTS `auteur` (
  `numAuteur` int(10) NOT NULL AUTO_INCREMENT,
  `prenomAuteur` varchar(50) NOT NULL,
  `nomAuteur` varchar(50) NOT NULL,
  PRIMARY KEY (`numAuteur`)
) ENGINE=InnoDB  DEFAULT CHARSET=utf8 AUTO_INCREMENT=286 ;

INSERT INTO `auteur` (`numAuteur`, `prenomAuteur`, `nomAuteur`) VALUES
(1, 'Chinua', 'ACHEBE'),
(2, 'Peter', 'ACKROYD'),
(3, 'Richard', 'ADAMS'),
(4, 'Fang', 'AI'),
(5, 'Louisa Mary', 'ALCOTT'),
(6, 'Richard', 'ALDINGTON'),
(7, 'Margery', 'ALLINGHAM'),
(8, 'Julia', 'ALVAREZ'),
(9, 'Kingsley', 'AMIS'),
(10, 'Martin', 'AMIS'),
(11, 'Hans Christian', 'ANDERSEN'),
(12, 'Evelyn', 'ANTHONY'),
(13, 'Antonio Lobo', 'ANTUNES'),
(14, 'John', 'ARBUTHNOT'),
(15, 'John', 'ARDEN'),
(16, 'Matthew', 'ARNOLD'),
(17, 'Kate', 'ATKINSON'),
(18, '', 'AUBREY'),
(19, 'Louis', 'AUCHINCLOSS'),
(20, 'W.H.', 'AUDEN'),
(21, 'Jane', 'AUSTEN'),
(22, 'Paul', 'AUSTER'),
(23, 'Lynne Reid', 'BANKS'),
(24, 'Gaston', 'BARDET'),
(25, 'Franklin John', 'BARDIN'),
(26, 'Pat', 'BARKER'),
(27, 'Julian', 'BARNES'),
(28, 'John', 'BARROW'),
(29, 'John', 'BARTH'),
(30, 'Samuel', 'BECKETT'),
(31, 'Max', 'BEERBOHM'),
(32, 'Saul', 'BELLOW'),
(33, 'Tonino', 'BENACQUISTA'),
(34, 'Peter', 'BENCHLEY'),
(35, 'Stephen Vincent', 'BENÈT'),
(36, 'Arnold', 'BENNETT'),
(37, 'E. F.', 'BENSON'),
(38, '', 'BEOWULF'),
(39, 'Isaiah', 'BERLIN'),
(40, '', 'BETJEMAN JOHN'),
(41, 'William', 'BLAKE'),
(42, 'Harold', 'BLOOM'),
(43, 'Luciano', 'BOLIS'),
(44, 'Edward', 'BOND'),
(45, 'Guy', 'BOQUET'),
(46, 'Elizabeth', 'BOWEN'),
(47, 'Malcolm', 'BOWIE'),
(48, 'Paul', 'BOWLES'),
(49, 'William', 'BOYD'),
(50, 'M.C.', 'BRADBROOK'),
(51, 'George', 'BRENNAND'),
(52, '(Anne, Charlotte, EmilyCollins collective ed.)', 'BRONTE SISTERS'),
(53, 'Anita', 'BROOKNER'),
(54, 'Robert', 'BROWNING'),
(55, 'Ken', 'BRUEN'),
(56, 'Bill', 'BRYSON'),
(57, 'Pearl', 'BUCK'),
(58, 'Basil', 'BUNTING'),
(59, 'John', 'BUNYAN'),
(60, 'Anthony ', 'BURGESS'),
(61, 'Anthony', 'BURGESS'),
(62, 'Frances Hodgson', 'BURNETT'),
(63, 'Fanny', 'BURNEY'),
(64, 'Robert', 'BURNS'),
(65, 'William', 'BURROUGHS'),
(66, 'Robert Olen', 'BUTLER'),
(67, 'Samuel', 'BUTLER'),
(68, 'A. S.', 'BYATT'),
(69, '', 'BYRON'),
(70, 'Bo', 'CALDWELL'),
(71, 'Erskine', 'CALDWELL'),
(72, 'Italo', 'CALVINO'),
(73, 'Ethan', 'CANIN'),
(74, 'Victor', 'CANNING'),
(75, 'Peter', 'CAREY'),
(76, 'William ', 'CARLOS WILLIAMS'),
(77, 'Thomas', 'CARLYLE'),
(78, 'Caleb', 'CARR'),
(79, 'John Dickson', 'CARR'),
(80, 'Lewis', 'CARROLL'),
(81, 'Youngman', 'CARTER'),
(82, 'Michael', 'CHABON'),
(83, 'Raymond', 'CHANDLER'),
(84, 'Bruce', 'CHATWIN'),
(85, '', 'CHAUCER'),
(86, 'Erskine', 'CHILDERS'),
(87, 'Kate', 'CHOPIN'),
(88, 'James', 'CLAVELL'),
(89, 'Samuel', 'CLEMENS'),
(90, 'J. M.', 'COETZEE'),
(91, 'Leonard', 'COHEN'),
(92, '', 'COLERIDGE'),
(93, 'Norman', 'COLLINS'),
(94, 'Wilkie', 'COLLINS'),
(95, 'Ivy', 'COMPTON-BURNETT'),
(96, 'Richard', 'CONDON'),
(97, 'Joseph', 'CONRAD'),
(98, 'Pat', 'CONROY'),
(99, 'Peter ', 'COSTELLO'),
(100, 'Stephen', 'CRANE'),
(101, '/biograph Joyce', 'CRITICISM'),
(102, 'James ', 'CRITICISM'),
(103, 'A. J.', 'CRONIN'),
(104, 'Amanda', 'CROSS'),
(105, 'E. E.', 'CUMMINGS'),
(106, 'Louis', 'DE BERNIÈRES'),
(107, 'Umberto ', 'ECO'),
(108, 'Richard ', 'ELLMANN'),
(109, 'Richard', 'EMERY ROBERTS'),
(110, 'Xingjian ', 'GAO'),
(111, 'Henry ', 'JAMES'),
(112, 'M.R', 'JAMES'),
(113, 'P D', 'JAMES'),
(114, 'K Jerome', 'JEROME'),
(115, 'Ben ', 'JOHNSON'),
(116, 'Samuel ', 'JOHNSON'),
(117, 'James ', 'JOYCE'),
(118, 'Stanislaus ', 'JOYCE'),
(119, 'Art ', 'JOYCE''S'),
(120, 'Bill ', 'KAUFMAN'),
(121, 'M.N ', 'KAYE'),
(122, 'John ', 'KEATS'),
(123, 'G ', 'KEILOR'),
(124, 'James ', 'KELMAN'),
(125, 'Frank', 'KERMODE'),
(126, 'Rudyard ', 'KIPLING'),
(127, 'Milan ', 'KUNDERA'),
(128, 'Charles', 'LAMB'),
(129, 'Laurence', 'LERNER'),
(130, 'Harry', 'LEVIN'),
(131, 'Martin', 'LING'),
(132, 'Brenda ', 'MADDOX'),
(133, 'Richard', 'MARIENTRAS'),
(134, 'Jean-Jacques', 'MAYOUX'),
(135, 'Edna ', 'O''BRIAN'),
(136, 'Jean', 'PARIS'),
(137, 'Patrick ', 'PAVINDER'),
(138, 'Arthur ', 'POWER'),
(139, 'Jean-Michel ', 'RABATÉ'),
(140, 'Ann', 'RADCLIFFE'),
(141, 'Ian', 'RANKIN'),
(142, 'Jean', 'RHYS'),
(143, 'Adrienne', 'RICH '),
(144, 'Alan', 'RICHARDS'),
(145, 'Samuel', 'RICHARDSON'),
(146, 'Nora', 'ROBERTS'),
(147, 'E. Arnot', 'ROBERTSON'),
(148, 'Henry', 'ROTH'),
(149, 'Philip', 'ROTH'),
(150, 'Arundhati', 'ROY'),
(151, 'Donald', 'RUBINSTEIN'),
(152, 'Steele', 'RUDD '),
(153, 'Salman', 'RUSHDIE'),
(154, 'Vita ', 'SACKVILLE-WEST'),
(155, '', 'SAKI'),
(156, '', 'SALINGER'),
(157, 'Thomas', 'SANCHEZ'),
(158, 'William', 'SAROYAN'),
(159, 'Siegfried', 'SASSOON'),
(160, 'Pieg', 'SAYERS'),
(161, 'Budd', 'SCHULBERG'),
(162, 'Paul', 'SCOTT'),
(163, 'Walter', 'SCOTT'),
(164, 'Erich', 'SEGAL'),
(165, 'Will', 'SELF'),
(166, 'WC', 'SELLER'),
(167, 'Ramon', 'SENDER'),
(168, 'Vikram', 'SETH'),
(169, 'George', 'SEWARD'),
(170, 'Peter', 'SHAFFER'),
(171, 'William', 'SHAKESPEARE'),
(172, 'Edward', 'SHANKS '),
(173, 'Tom', 'SHARPE'),
(174, 'Bernard', 'SHAW'),
(175, 'Mary', 'SHELLEY'),
(176, 'Percy Bysshe', 'SHELLEY'),
(177, 'Mary, Horace, William', 'SHELLEY, WALPOLE, BECKFORD'),
(178, 'Sam', 'SHEPHERD'),
(179, 'Richard', 'SHERIDAN'),
(180, 'Carol', 'SHIELDS'),
(181, 'Nevil', 'SHUTE'),
(182, 'Philip', 'SIDNEY'),
(183, 'Alan', 'SILLITOE'),
(184, 'Stevie', 'SMITH'),
(185, 'Zadie', 'SMITH'),
(186, 'Iain', 'SMITH CRICHTON'),
(187, 'Tobias', 'SMOLLET'),
(188, 'C.P.', 'SNOW'),
(189, 'H ', 'SOUGAU'),
(190, 'Terry', 'SOUTERN'),
(191, 'Wole', 'SOYINKA'),
(192, 'Muriel', 'SPARK'),
(193, 'Stephen', 'SPENDER'),
(194, 'Art', 'SPIEGELMAN'),
(195, 'Bernard', 'SPILSBURY'),
(196, 'Gertrude', 'STEIN'),
(197, 'John', 'STEINBECK'),
(198, 'George', 'STEINER'),
(199, 'Thomas', 'STERLING'),
(200, 'Laurence', 'STERNE'),
(201, 'Wallace', 'STEVENS'),
(202, 'Robert Louis', 'STEVENSON'),
(203, 'Bram', 'STOCKER'),
(204, 'Tom', 'STOPPARD'),
(205, 'David', 'STOREY'),
(206, 'Lytton', 'STRACHEY'),
(207, 'August', 'STRINBERG'),
(208, 'William', 'STYRON'),
(209, 'Patrick', 'SUSKIND'),
(210, 'G.', 'SWIFT'),
(211, '', 'SWIFT'),
(212, '', 'SWINBURNE'),
(213, 'Frank', 'SWINNERTON'),
(214, '', 'SYNGE'),
(215, 'Frank', 'TALLIS'),
(216, 'Elizabeth', 'TAYLOR'),
(217, '', 'TENNYSON'),
(218, 'Hubert', 'TEYSSANDIER'),
(219, '', 'THACKERAY'),
(220, 'Paul', 'THEROUX'),
(221, 'Craig', 'THOMAS'),
(222, 'D.M.', 'THOMAS'),
(223, 'Dylan', 'THOMAS'),
(224, 'R', 'THOMAS'),
(225, 'Rupert', 'THOMAS'),
(226, 'Edward', 'THOMPSON'),
(227, '', 'THOREAU'),
(228, 'Colin', 'THUBRON'),
(229, 'Colm', 'TOIBIN'),
(230, 'J.R.R.', 'TOLKIEN'),
(231, '', 'TOLSTOY'),
(232, 'John Kennedy', 'TOOLE'),
(233, 'Jean', 'TOOMER'),
(234, 'Sue', 'TOWNSEND'),
(235, 'William', 'TREVOR'),
(236, '', 'TROLLOPE'),
(237, 'Mark', 'TWAIN'),
(238, 'Jill', 'TWEEDIE'),
(239, 'John', 'UPDIKE'),
(240, 'Peter', 'USTINOV'),
(241, 'Robert', 'VAN GULIK'),
(242, 'John', 'VANBRUGH'),
(243, '', 'VATSANANANA'),
(244, 'Henry', 'VAUGHAM'),
(245, 'Sally', 'VICKERS'),
(246, 'Gore', 'VIDAL'),
(247, 'Barbara', 'VINE'),
(248, '', 'VIRGIL'),
(249, 'John ', 'WAIN'),
(250, 'Alice ', 'WALKER'),
(251, 'Lewis ', 'WALLACE'),
(252, 'Robert James', 'WALLER'),
(253, 'Horace ', 'WALPOLE'),
(254, 'Hugh ', 'WALPOLE'),
(255, 'Evelyn ', 'WAUGH'),
(256, 'Beatrice ', 'WEBB'),
(257, 'Charles ', 'WEBB'),
(258, 'Mary ', 'WEBB'),
(259, 'John ', 'WEBSTER'),
(260, 'Fay ', 'WELDON'),
(261, 'H. G.', 'WELLS'),
(262, 'Arnold ', 'WESKER'),
(263, 'Dorothy ', 'WEST'),
(264, 'Morris ', 'WEST'),
(265, 'Nathaniel ', 'WEST'),
(266, 'Edith ', 'WHARTON'),
(267, 'Patrick ', 'WHITE'),
(268, 'Walt ', 'WHITMAN'),
(269, 'John Greenleaf', 'WHITTIER'),
(270, 'Oscar ', 'WILDE'),
(271, 'Thornton ', 'WILDER'),
(272, 'Tennessee ', 'WILLIAMS'),
(273, 'Angus ', 'WILSON'),
(274, 'G.', 'WILSON KNIGHT'),
(275, 'Ruth R.', 'WINE'),
(276, 'P. G.', 'WODEHOUSE'),
(277, 'Thomas ', 'WOLFE'),
(278, 'Tom ', 'WOLFE'),
(279, 'Virginia ', 'WOOLF'),
(280, 'Alexander ', 'WOOLLCOTT'),
(281, 'William ', 'WORDSWORTH'),
(282, 'Richard ', 'WRIGHT'),
(283, 'W. B.', 'YEATS'),
(284, 'Francis Brett', 'YOUNG'),
(285, 'Theodore ', 'ZELDIN');

CREATE TABLE IF NOT EXISTS `config` (
  `id` int(11) NOT NULL AUTO_INCREMENT,
  `identifiant` varchar(255) NOT NULL,
  `valeur` varchar(255) NOT NULL,
  PRIMARY KEY (`id`)
) ENGINE=InnoDB  DEFAULT CHARSET=utf8 AUTO_INCREMENT=2 ;

INSERT INTO `config` (`id`, `identifiant`, `valeur`) VALUES
(1, 'versionbdd', '1.0');

CREATE TABLE IF NOT EXISTS `critiquer` (
  `numEmprunteur` int(10) NOT NULL,
  `numLivre` int(10) NOT NULL,
  `noteCritique` tinyint(1) NOT NULL,
  `commentaireCritique` text NOT NULL,
  `visibiliteCritique` tinyint(1) NOT NULL,
  PRIMARY KEY (`numEmprunteur`,`numLivre`),
  KEY `numLivre` (`numLivre`)
) ENGINE=InnoDB DEFAULT CHARSET=utf8;

CREATE TABLE IF NOT EXISTS `emprunter` (
  `numEmprunteur` int(10) NOT NULL,
  `numLivre` int(10) NOT NULL,
  `dateEmprunt` datetime NOT NULL,
  `dateRetour` datetime DEFAULT NULL,
  `nbRappels` tinyint(1) NOT NULL,
  PRIMARY KEY (`numEmprunteur`,`numLivre`,`dateEmprunt`),
  KEY `numLivre` (`numLivre`)
) ENGINE=InnoDB DEFAULT CHARSET=utf8;

INSERT INTO `emprunter` (`numEmprunteur`, `numLivre`, `dateEmprunt`, `dateRetour`, `nbRappels`) VALUES
(11, 1, '2011-12-29 08:45:33', NULL, 0);

CREATE TABLE IF NOT EXISTS `emprunteur` (
  `numEmprunteur` int(10) NOT NULL AUTO_INCREMENT,
  `nomEmprunteur` varchar(50) NOT NULL,
  `prenomEmprunteur` varchar(50) NOT NULL,
  `numRueEmprunteur` int(4) NOT NULL,
  `nomRueEmprunteur` varchar(150) NOT NULL,
  `villeEmprunteur` varchar(50) NOT NULL,
  `CodePostalEmprunteur` varchar(5) NOT NULL,
  `identifiantEmprunteur` varchar(50) NOT NULL,
  `mdpEmprunteur` varchar(50) NOT NULL,
  `telFixeEmprunteur` varchar(10) NOT NULL,
  `telPortableEmprunteur` varchar(10) NOT NULL,
  `emailEmprunteur` varchar(150) NOT NULL,
  PRIMARY KEY (`numEmprunteur`)
) ENGINE=InnoDB  DEFAULT CHARSET=utf8 AUTO_INCREMENT=26 ;

INSERT INTO `emprunteur` (`numEmprunteur`, `nomEmprunteur`, `prenomEmprunteur`, `numRueEmprunteur`, `nomRueEmprunteur`, `villeEmprunteur`, `CodePostalEmprunteur`, `identifiantEmprunteur`, `mdpEmprunteur`, `telFixeEmprunteur`, `telPortableEmprunteur`, `emailEmprunteur`) VALUES
(1, 'Aduriz', 'Xavier', 21, 'rue du vieux chêne', 'ARBOUSIER', '23453', 'toto', 'ecc3ce882decc0c462925dd6867a7acf968f347a', '0123456789', '0612345789', 'email@example.org'),
(2, 'Akoka', 'Serge', 21, 'rue du vieux chêne', 'ARBOUSIER', '23453', 'toto1', 'ecc3ce882decc0c462925dd6867a7acf968f347a', '0123456789', '0612345789', 'email@example.org'),
(3, 'Ane', 'Jean Marc', 21, 'rue du vieux chêne', 'ARBOUSIER', '23453', 'toto2', 'ecc3ce882decc0c462925dd6867a7acf968f347a', '0123456789', '0612345789', 'email@example.org'),
(4, 'Arab', 'Rachid', 21, 'rue du vieux chêne', 'ARBOUSIER', '23453', 'toto3', 'ecc3ce882decc0c462925dd6867a7acf968f347a', '0123456789', '0612345789', 'email@example.org'),
(5, 'Bourdin', 'Régis', 21, 'rue du vieux chêne', 'ARBOUSIER', '23453', 'toto4', 'ecc3ce882decc0c462925dd6867a7acf968f347a', '0123456789', '0612345789', 'email@example.org'),
(6, 'Boulanger', 'Christophe', 21, 'rue du vieux chêne', 'ARBOUSIER', '23453', 'toto5', 'ecc3ce882decc0c462925dd6867a7acf968f347a', '0123456789', '0612345789', 'email@example.org'),
(7, 'Boivin', 'Arnaud', 21, 'rue du vieux chêne', 'ARBOUSIER', '23453', 'toto6', 'ecc3ce882decc0c462925dd6867a7acf968f347a', '0123456789', '0612345789', 'email@example.org'),
(8, 'Bigot', 'Erwan', 21, 'rue du vieux chêne', 'ARBOUSIER', '23453', 'toto7', 'ecc3ce882decc0c462925dd6867a7acf968f347a', '0123456789', '0612345789', 'email@example.org'),
(9, 'Delcroix', 'Brigitte', 21, 'rue du vieux chêne', 'ARBOUSIER', '23453', 'toto8', 'ecc3ce882decc0c462925dd6867a7acf968f347a', '0123456789', '0612345789', 'email@example.org'),
(10, 'Fauvin', 'Michel', 21, 'rue du vieux chêne', 'ARBOUSIER', '23453', 'toto9', 'ecc3ce882decc0c462925dd6867a7acf968f347a', '0123456789', '0612345789', 'email@example.org'),
(11, 'Busquet', 'Catherine', 21, 'rue du vieux chêne', 'ARBOUSIER', '23453', 'toto10', 'ecc3ce882decc0c462925dd6867a7acf968f347a', '0123456789', '0612345789', 'email@example.org'),
(12, 'Flores', 'Guy', 21, 'rue du vieux chêne', 'ARBOUSIER', '23453', 'toto11', 'ecc3ce882decc0c462925dd6867a7acf968f347a', '0123456789', '0612345789', 'email@example.org'),
(13, 'Garnier', 'Olivier', 21, 'rue du vieux chêne', 'ARBOUSIER', '23453', 'toto12', 'ecc3ce882decc0c462925dd6867a7acf968f347a', '0123456789', '0612345789', 'email@example.org'),
(14, 'Gilbert', 'Franck', 21, 'rue du vieux chêne', 'ARBOUSIER', '23453', 'toto13', 'ecc3ce882decc0c462925dd6867a7acf968f347a', '0123456789', '0612345789', 'email@example.org'),
(15, 'Gousset', 'Thierry', 21, 'rue du vieux chêne', 'ARBOUSIER', '23453', 'toto14', 'ecc3ce882decc0c462925dd6867a7acf968f347a', '0123456789', '0612345789', 'email@example.org'),
(16, 'Giret', 'Agnès', 21, 'rue du vieux chêne', 'ARBOUSIER', '23453', 'toto15', 'ecc3ce882decc0c462925dd6867a7acf968f347a', '0123456789', '0612345789', 'email@example.org'),
(17, 'Blain', 'Françoise', 21, 'rue du vieux chêne', 'ARBOUSIER', '23453', 'toto16', 'ecc3ce882decc0c462925dd6867a7acf968f347a', '0123456789', '0612345789', 'email@example.org'),
(18, 'Cance', 'Claude', 21, 'rue du vieux chêne', 'ARBOUSIER', '23453', 'toto17', 'ecc3ce882decc0c462925dd6867a7acf968f347a', '0123456789', '0612345789', 'email@example.org'),
(19, 'Desbois', 'Laure', 21, 'rue du vieux chêne', 'ARBOUSIER', '23453', 'toto18', 'ecc3ce882decc0c462925dd6867a7acf968f347a', '0123456789', '0612345789', 'email@example.org'),
(20, 'Flament', 'Madeleine', 21, 'rue du vieux chêne', 'ARBOUSIER', '23453', 'toto19', 'ecc3ce882decc0c462925dd6867a7acf968f347a', '0123456789', '0612345789', 'email@example.org'),
(21, 'Langlois', 'Pierre', 21, 'rue du vieux chêne', 'ARBOUSIER', '23453', 'toto20', 'ecc3ce882decc0c462925dd6867a7acf968f347a', '0123456789', '0612345789', 'email@example.org'),
(22, 'Leroy', 'Emmanuel', 21, 'rue du vieux chêne', 'ARBOUSIER', '23453', 'toto21', 'ecc3ce882decc0c462925dd6867a7acf968f347a', '0123456789', '0612345789', 'email@example.org'),
(23, 'Mazo', 'Loïc', 21, 'rue du vieux chêne', 'ARBOUSIER', '23453', 'toto22', 'ecc3ce882decc0c462925dd6867a7acf968f347a', '0123456789', '0612345789', 'email@example.org'),
(24, 'Tardy', 'Denis', 21, 'rue du vieux chêne', 'ARBOUSIER', '23453', 'toto23', 'ecc3ce882decc0c462925dd6867a7acf968f347a', '0123456789', '0612345789', 'email@example.org'),
(25, 'Vidal', 'Nicolas', 21, 'rue du vieux chêne', 'ARBOUSIER', '23453', 'toto24', 'ecc3ce882decc0c462925dd6867a7acf968f347a', '0123456789', '0612345789', 'email@example.org');

CREATE TABLE IF NOT EXISTS `evenement` (
  `numEvenement` int(10) NOT NULL AUTO_INCREMENT,
  `nomEvenement` varchar(150) NOT NULL,
  `themeEvenement` varchar(50) NOT NULL,
  `lieuEvenement` varchar(50) NOT NULL,
  `dateEvenement` date NOT NULL,
  `heureEvenement` time NOT NULL,
  `numGestionnaire` int(10) NOT NULL,
  PRIMARY KEY (`numEvenement`),
  KEY `numGestionnaire` (`numGestionnaire`)
) ENGINE=InnoDB DEFAULT CHARSET=utf8 AUTO_INCREMENT=1 ;

CREATE TABLE IF NOT EXISTS `genre` (
  `numGenre` int(10) NOT NULL AUTO_INCREMENT,
  `genre` varchar(50) NOT NULL,
  PRIMARY KEY (`numGenre`)
) ENGINE=InnoDB DEFAULT CHARSET=utf8 AUTO_INCREMENT=1 ;

CREATE TABLE IF NOT EXISTS `genre_livre` (
  `numGenre` int(10) NOT NULL,
  `numLivre` int(10) NOT NULL,
  PRIMARY KEY (`numGenre`,`numLivre`),
  KEY `numLivre` (`numLivre`)
) ENGINE=InnoDB DEFAULT CHARSET=utf8;

CREATE TABLE IF NOT EXISTS `gestionnaire` (
  `numGestionnaire` int(10) NOT NULL AUTO_INCREMENT,
  `pseudoGestionnaire` varchar(50) NOT NULL,
  `mdpGestionnaire` varchar(50) NOT NULL,
  `telGestionnaire` varchar(10) NOT NULL,
  `emailGestionnaire` varchar(150) NOT NULL,
  `nomGestionnaire` varchar(50) NOT NULL,
  `prenomGestionnaire` varchar(50) NOT NULL,
  PRIMARY KEY (`numGestionnaire`)
) ENGINE=InnoDB DEFAULT CHARSET=utf8 AUTO_INCREMENT=1 ;

CREATE TABLE IF NOT EXISTS `livre` (
  `numLivre` int(11) NOT NULL AUTO_INCREMENT,
  `titreLivre` varchar(150) NOT NULL,
  `numAuteur` int(11) NOT NULL,
  `resumeLivre` text NOT NULL,
  `langueLivre` varchar(50) NOT NULL,
  `nbExemplaireLivre` tinyint(4) NOT NULL,
  PRIMARY KEY (`numLivre`),
  KEY `numAuteur` (`numAuteur`)
) ENGINE=InnoDB  DEFAULT CHARSET=utf8 AUTO_INCREMENT=645 ;

INSERT INTO `livre` (`numLivre`, `titreLivre`, `numAuteur`, `resumeLivre`, `langueLivre`, `nbExemplaireLivre`) VALUES
(1, 'Arrow of God', 1, '', 'Anglais', 1),
(2, 'Chatterton    ', 2, '', 'Anglais', 1),
(3, 'Dan Lenox and the Limehouse Golem    ', 2, '', 'Anglais', 1),
(4, 'English Music    ', 2, '', 'Anglais', 1),
(5, 'London : The Biography  ', 2, '', 'Anglais', 1),
(6, 'The Great Fire of London    ', 2, '', 'Anglais', 1),
(7, 'The House of Doctot Dee    ', 2, '', 'Anglais', 1),
(8, 'Tales from Watership Down    ', 3, '', 'Anglais', 1),
(9, 'The Scholar and the Serving Maid    ', 4, '', 'Anglais', 1),
(10, 'Good Wives   ', 5, '', 'Anglais', 1),
(11, 'Death of a Hero    ', 6, '', 'Anglais', 1),
(12, 'Soft Answers    ', 6, '', 'Anglais', 1),
(13, 'The Colonel’s Daughter  ', 6, '', 'Anglais', 1),
(14, 'Largo of Eagles  ', 7, '', 'Anglais', 1),
(15, 'In the Time of the Butherflies    ', 8, '', 'Anglais', 1),
(16, 'The Riverside Villas Murder    ', 9, '', 'Anglais', 1),
(17, 'Time’s Arrow    ', 10, '', 'Anglais', 1),
(18, 'Tales   ', 11, '', 'Anglais', 1),
(19, 'The Tamarind Seed  ', 12, '', 'Anglais', 1),
(20, 'Connaissance de l’enfer ', 13, '', 'Anglais', 1),
(21, 'The History of John Bull.', 14, '', 'Anglais', 1),
(22, 'Sergeant Musgrave’s Dance    ', 15, '', 'Anglais', 1),
(23, 'Arnold and the >Betrayal of Language    ', 16, '', 'Anglais', 1),
(24, 'Arnold, the Poet and the Humanist    ', 16, '', 'Anglais', 1),
(25, 'Culture and Anarchy    ', 16, '', 'Anglais', 1),
(26, 'Selected Prose   ', 16, '', 'Anglais', 1),
(27, 'The Human Croquet    ', 17, '', 'Anglais', 1),
(28, 'Brief Lives    ', 18, '', 'Anglais', 1),
(29, 'The Indifferent Children  ', 19, '', 'Anglais', 1),
(30, 'Collected Poems    ', 20, '', 'Anglais', 1),
(31, 'Emma (+ critical edition)    ', 21, '', 'Anglais', 1),
(32, 'Lady Susan / The Watsons / Sanditon.    ', 21, '', 'Anglais', 1),
(33, 'Man sfield Park (critical ed.)    ', 21, '', 'Anglais', 1),
(34, 'Northanger Abbey    ', 21, '', 'Anglais', 1),
(35, 'Sense and Sensibility    ', 21, '', 'Anglais', 1),
(36, 'Leviathan    ', 22, '', 'Anglais', 1),
(37, 'The Invention of Solitude    ', 22, '', 'Anglais', 1),
(38, 'The L-shaped Room  ', 23, '', 'Anglais', 1),
(39, 'Ishrael, connais ton Dieu ', 24, '', 'Anglais', 1),
(40, 'Omnibus    ', 25, '', 'Anglais', 1),
(41, 'The Ghost Road    ', 26, '', 'Anglais', 1),
(42, 'A History of the World in 10 _ Chapters    ', 27, '', 'Anglais', 1),
(43, 'Arthur and George    ', 27, '', 'Anglais', 1),
(44, 'Flaubert’s Parrot    ', 27, '', 'Anglais', 1),
(45, 'Someting to Declare    ', 27, '', 'Anglais', 1),
(46, 'The Mutiny of the Bounty    ', 28, '', 'Anglais', 1),
(47, 'Giles Goat-Boy    ', 29, '', 'Anglais', 1),
(48, 'The Floating Opera    ', 29, '', 'Anglais', 1),
(49, 'The Sot-Weed Factor    ', 29, '', 'Anglais', 1),
(50, '2 Critical Studies    ', 30, '', 'Anglais', 1),
(51, 'A Biography by Alvarez    ', 30, '', 'Anglais', 1),
(52, 'Beckett (Cahiers de l’Herne)    ', 30, '', 'Anglais', 1),
(53, 'Beckett (Écrivains de toujours)    ', 30, '', 'Anglais', 1),
(54, 'More Pricks than Kicks    ', 30, '', 'Anglais', 1),
(55, 'Murphy    ', 30, '', 'Anglais', 1),
(56, 'The Expelled and other novellas    ', 30, '', 'Anglais', 1),
(57, 'Waiting for Godot    ', 30, '', 'Anglais', 1),
(58, 'Zuleika Dolson   ', 31, '', 'Anglais', 1),
(59, 'Dangling Man    ', 32, '', 'Anglais', 1),
(60, 'Henderson the Rain King    ', 32, '', 'Anglais', 1),
(61, 'Herzog    ', 32, '', 'Anglais', 1),
(62, 'Mosby’s Memoirs and Other Stories    ', 32, '', 'Anglais', 1),
(63, 'Seize the day    ', 32, '', 'Anglais', 1),
(64, 'The Adventures of Augie March    ', 32, '', 'Anglais', 1),
(65, 'The Victim    ', 32, '', 'Anglais', 1),
(66, 'To Jerusalem and Back    ', 32, '', 'Anglais', 1),
(67, 'La Bête noire  ', 33, '', 'Anglais', 1),
(68, 'Jaws    ', 34, '', 'Anglais', 1),
(69, 'The Pocket Book  ', 35, '', 'Anglais', 1),
(70, 'Riceyman Steps   ', 36, '', 'Anglais', 1),
(71, 'The Old Wives’ Tale    ', 36, '', 'Anglais', 1),
(72, 'Lucia Vitrix    ', 37, '', 'Anglais', 1),
(73, 'The Song of Beowulf    ', 38, '', 'Anglais', 1),
(74, 'The Sense of Reality    ', 39, '', 'Anglais', 1),
(75, 'Summoned by Bells  ', 40, '', 'Anglais', 1),
(76, 'Blake : The Lyric Poetry    ', 41, '', 'Anglais', 1),
(77, 'Blake (U2 Armand Colin)    ', 41, '', 'Anglais', 1),
(78, 'Poems (+ Monarch notes)    ', 41, '', 'Anglais', 1),
(79, 'Songs of Innocence and Experience    ', 41, '', 'Anglais', 1),
(80, 'Omens of Millennium    ', 42, '', 'Anglais', 1),
(81, 'Mon grain de sable    ', 43, '', 'Anglais', 1),
(82, 'Lear    ', 44, '', 'Anglais', 1),
(83, 'Théâtre et société : Shakespeare', 45, '', 'Anglais', 1),
(84, 'A World of Love ', 46, '', 'Anglais', 1),
(85, 'Proust among the Stars    ', 47, '', 'Anglais', 1),
(86, 'The Sheltering Sky    ', 48, '', 'Anglais', 1),
(87, 'An Ice Cream War    ', 49, '', 'Anglais', 1),
(88, 'Stars and Bars    ', 49, '', 'Anglais', 1),
(89, 'The Blue Afternoon    ', 49, '', 'Anglais', 1),
(90, 'The New Confessions    ', 49, '', 'Anglais', 1),
(91, 'Themes and Conventions of Elizabethan Tragedy', 50, '', 'Anglais', 1),
(92, 'Walton’s Delight   ', 51, '', 'Anglais', 1),
(93, 'Jane Eyre    ', 52, '', 'Anglais', 1),
(94, 'Shirley    ', 52, '', 'Anglais', 1),
(95, 'The Professor, etc…  ', 52, '', 'Anglais', 1),
(96, 'The Tenant of Wildfell Hall, Agnes Grey.', 52, '', 'Anglais', 1),
(97, 'Villette    ', 52, '', 'Anglais', 1),
(98, 'Wuthering Heights   ', 52, '', 'Anglais', 1),
(99, 'A Closed Eye    ', 53, '', 'Anglais', 1),
(100, 'A Family Romance    ', 53, '', 'Anglais', 1),
(101, 'A Friend from England    ', 53, '', 'Anglais', 1),
(102, 'A Private View    ', 53, '', 'Anglais', 1),
(103, 'A Start in Life    ', 53, '', 'Anglais', 1),
(104, 'Brief Lives    ', 53, '', 'Anglais', 1),
(105, 'Family and Friends    ', 53, '', 'Anglais', 1),
(106, 'Fraud    ', 53, '', 'Anglais', 1),
(107, 'Hotel du Lac    ', 53, '', 'Anglais', 1),
(108, 'Incidents in the rue Laugier', 53, '', 'Anglais', 1),
(109, 'Latecomers    ', 53, '', 'Anglais', 1),
(110, 'Lewis Percy    ', 53, '', 'Anglais', 1),
(111, 'Look at Me    ', 53, '', 'Anglais', 1),
(112, 'Providence    ', 53, '', 'Anglais', 1),
(113, 'Visitors    ', 53, '', 'Anglais', 1),
(114, 'Men and Women  ', 54, '', 'Anglais', 1),
(115, 'Priest    ', 55, '', 'Anglais', 1),
(116, 'A Walk in the Woods    ', 56, '', 'Anglais', 1),
(117, 'Made in America    ', 56, '', 'Anglais', 1),
(118, 'Neither Here nor There    ', 56, '', 'Anglais', 1),
(119, 'Notes from a Big Country    ', 56, '', 'Anglais', 1),
(120, 'Notes from a Small Island    ', 56, '', 'Anglais', 1),
(121, 'The Mother Tongue : English    ', 56, '', 'Anglais', 1),
(122, 'The Devil Never Sleeps    ', 57, '', 'Anglais', 1),
(123, 'The Good Earth    ', 57, '', 'Anglais', 1),
(124, 'Poems    ', 58, '', 'Anglais', 1),
(125, 'The Pilgrim’s Progress    ', 59, '', 'Anglais', 1),
(126, 'Rejoyce', 60, '', 'Anglais', 1),
(127, 'Revue Europe Special Joyce', 60, '', 'Anglais', 1),
(128, 'A Deadman in Deptford    ', 61, '', 'Anglais', 1),
(129, 'Earthly Powers   ', 61, '', 'Anglais', 1),
(130, 'Nothing like the Sun    ', 61, '', 'Anglais', 1),
(131, 'The Secret Garden  ', 62, '', 'Anglais', 1),
(132, 'Evelina    ', 63, '', 'Anglais', 1),
(133, 'The Diary of Fanny Burney    ', 63, '', 'Anglais', 1),
(134, 'Poems    ', 64, '', 'Anglais', 1),
(135, 'The Soft Machine  ', 65, '', 'Anglais', 1),
(136, 'L’extraterrestre de mon cœur    ', 66, '', 'Anglais', 1),
(137, 'The White Russian  ', 66, '', 'Anglais', 1),
(138, 'Erewhon    ', 67, '', 'Anglais', 1),
(139, 'The Way of All Flesh    ', 67, '', 'Anglais', 1),
(140, 'The Matisse Stories    ', 68, '', 'Anglais', 1),
(141, 'Poems    ', 69, '', 'Anglais', 1),
(142, 'The Distant Land of my Father    ', 70, '', 'Anglais', 1),
(143, 'God’s Little Acre    ', 71, '', 'Anglais', 1),
(144, 'Journeyman    ', 71, '', 'Anglais', 1),
(145, 'If on a Winter’s Night a Traveller    ', 72, '', 'Anglais', 1),
(146, 'The Palace Thief    ', 73, '', 'Anglais', 1),
(147, 'The Golden Salamander    ', 74, '', 'Anglais', 1),
(148, 'Oscar and Lucinda    ', 75, '', 'Anglais', 1),
(149, 'A Study', 76, '', 'Anglais', 1),
(150, 'Poems', 76, '', 'Anglais', 1),
(151, 'Sartor Resartus.   ', 77, '', 'Anglais', 1),
(152, 'The Alienist    ', 78, '', 'Anglais', 1),
(153, 'The Mad Hatter’s Mystery ', 79, '', 'Anglais', 1),
(154, 'Works    ', 80, '', 'Anglais', 1),
(155, 'Mr Campion’s Falcon  ', 81, '', 'Anglais', 1),
(156, 'The Mysteries of Pittsburgh ', 82, '', 'Anglais', 1),
(157, 'Collected Works (vol 1) ', 83, '', 'Anglais', 1),
(158, 'What Am I Doing Here ?    ', 84, '', 'Anglais', 1),
(159, 'An Introduction to Troilus and Criseyde    ', 85, '', 'Anglais', 1),
(160, 'Troilus and Criseyde    ', 85, '', 'Anglais', 1),
(161, 'The Riddle of the Sands', 86, '', 'Anglais', 1),
(162, 'The Awakening    ', 87, '', 'Anglais', 1),
(163, 'Tai-Pan    ', 88, '', 'Anglais', 1),
(164, 'Langhorne (Mark Twain) : Pudd’nhead Wilson.', 89, '', 'Anglais', 1),
(165, 'Waiting for the Barbarians    ', 90, '', 'Anglais', 1),
(166, 'Beautiful Losers    ', 91, '', 'Anglais', 1),
(167, 'The Favourite Game    ', 91, '', 'Anglais', 1),
(168, 'Poetical Works    ', 92, '', 'Anglais', 1),
(169, 'Penang Appointment   ', 93, '', 'Anglais', 1),
(170, 'The Moonstone    ', 94, '', 'Anglais', 1),
(171, 'The Woman in White    ', 94, '', 'Anglais', 1),
(172, 'A Family and a Fortune', 95, '', 'Anglais', 1),
(173, 'The Last and the First    ', 95, '', 'Anglais', 1),
(174, 'The Manchurian Candidate  ', 96, '', 'Anglais', 1),
(175, 'Heart of Darkness    ', 97, '', 'Anglais', 1),
(176, 'Nostromo    ', 97, '', 'Anglais', 1),
(177, 'The Nigger of the Narcissus    ', 97, '', 'Anglais', 1),
(178, 'The Secret Agent    ', 97, '', 'Anglais', 1),
(179, 'Victory    ', 97, '', 'Anglais', 1),
(180, 'The Water is Wide    ', 98, '', 'Anglais', 1),
(181, 'A Reader''s Guide to Finnegans Wake', 99, '', 'Anglais', 1),
(182, 'A Skeleton Key to Finnegans Wake', 99, '', 'Anglais', 1),
(183, 'Annotation to Finnegans Wake', 99, '', 'Anglais', 1),
(184, 'Dubliners A Study(2)', 99, '', 'Anglais', 1),
(185, 'Joyce Annotated Notes for Dubliners and A Portrait of an Artist as a Young Man', 99, '', 'Anglais', 1),
(186, 'The Life of Leopold Bloom a novel', 99, '', 'Anglais', 1),
(187, 'The Portrait of an Artist as a Young Man, a Study+ a Student''s Guide', 99, '', 'Anglais', 1),
(188, 'Maggie, a Girl of the Street    ', 100, '', 'Anglais', 1),
(189, 'The Red Badge of Courage and other stories    ', 100, '', 'Anglais', 1),
(190, 'La Cuo O Litteraire', 102, '', 'Anglais', 1),
(191, 'The Art of the Novel', 102, '', 'Anglais', 1),
(192, 'The Portable James', 102, '', 'Anglais', 1),
(193, 'Three critical studies', 102, '', 'Anglais', 1),
(194, 'Une amitié litteraire', 102, '', 'Anglais', 1),
(195, 'The Judas Tree    ', 103, '', 'Anglais', 1),
(196, 'An Imperfect Spy    ', 104, '', 'Anglais', 1),
(197, 'Poetic Justice    ', 104, '', 'Anglais', 1),
(198, 'The James Joyce Murder    ', 104, '', 'Anglais', 1),
(199, 'The Players come again    ', 104, '', 'Anglais', 1),
(200, 'The Question of Max    ', 104, '', 'Anglais', 1),
(201, 'The Theban Mysteries    ', 104, '', 'Anglais', 1),
(202, 'Poems    ', 105, '', 'Anglais', 1),
(203, 'Captain Corelli’s Mandolin  ', 106, '', 'Anglais', 1),
(204, 'Joyce A Clew', 107, '', 'Anglais', 1),
(205, 'Joyce Revue de Littérature Moderne Vol 1-2', 107, '', 'Anglais', 1),
(206, 'Joyce the Revolution of the Word', 107, '', 'Anglais', 1),
(207, 'The Middle Ages of Joyce', 107, '', 'Anglais', 1),
(208, 'A Guide through Ulysses The New Bloomsday Book', 108, '', 'Anglais', 1),
(209, 'A Making of Ulysses', 108, '', 'Anglais', 1),
(210, 'A Study', 108, '', 'Anglais', 1),
(211, 'Détour et Retour dans Ulysses', 108, '', 'Anglais', 1),
(212, 'James Joyce and his World', 108, '', 'Anglais', 1),
(213, 'James Joyce''s Ulysses ', 108, '', 'Anglais', 1),
(214, 'James Joyce''s Ulysses Critical Essays', 108, '', 'Anglais', 1),
(215, 'Joyce', 108, '', 'Anglais', 1),
(216, 'The Aesthetics of Dedalus and Bloom', 108, '', 'Anglais', 1),
(217, 'The Art of Joyce Method and Design in Ulysses and Finnegan''s Wake', 108, '', 'Anglais', 1),
(218, 'The Book as World James Joyce''s Ulysses', 108, '', 'Anglais', 1),
(219, 'The Poems and Verse of James Joyce', 108, '', 'Anglais', 1),
(220, 'The Years of Growth (1882-1915', 108, '', 'Anglais', 1),
(221, 'Ulysses 50 ans après', 108, '', 'Anglais', 1),
(222, 'Ulysses An anatomy of the Tool', 108, '', 'Anglais', 1),
(223, 'Ulysses Annotated', 108, '', 'Anglais', 1),
(224, 'Ulysses on the Liffey', 108, '', 'Anglais', 1),
(225, 'Ulysses The Corrected Text', 108, '', 'Anglais', 1),
(226, 'Ulysses The larger Perspective', 108, '', 'Anglais', 1),
(227, 'Last frontier', 109, '', 'Anglais', 1),
(228, 'One Man’s Bible', 110, '', 'Anglais', 1),
(229, 'Ghost Stories', 111, '', 'Anglais', 1),
(230, 'Guy Damville', 111, '', 'Anglais', 1),
(231, 'Portrait of a Lady (2)', 111, '', 'Anglais', 1),
(232, 'Rodwick Hodlor', 111, '', 'Anglais', 1),
(233, 'Selected Short Stories', 111, '', 'Anglais', 1),
(234, 'The Ambassadors', 111, '', 'Anglais', 1),
(235, 'The Aspen Papers', 111, '', 'Anglais', 1),
(236, 'The Awkward Age', 111, '', 'Anglais', 1),
(237, 'The Bostonians (2)', 111, '', 'Anglais', 1),
(238, 'The Europeans (2)', 111, '', 'Anglais', 1),
(239, 'The Princess Lajamina', 111, '', 'Anglais', 1),
(240, 'The Turn of the Screw', 111, '', 'Anglais', 1),
(241, 'Washington Square', 111, '', 'Anglais', 1),
(242, 'What Mairy knew', 111, '', 'Anglais', 1),
(243, 'Wings of the Dove', 111, '', 'Anglais', 1),
(244, 'Ghost stories', 112, '', 'Anglais', 1),
(245, 'Restoration plays : Dryden, Congreve…', 112, '', 'Anglais', 1),
(246, 'A certain Justice (2)', 113, '', 'Anglais', 1),
(247, 'A Mind to Murder', 113, '', 'Anglais', 1),
(248, 'An unsuitable Job for a Woman', 113, '', 'Anglais', 1),
(249, 'Death of an Expert Witness', 113, '', 'Anglais', 1),
(250, 'Innocent Blood', 113, '', 'Anglais', 1),
(251, 'Original Sin', 113, '', 'Anglais', 1),
(252, 'Shroud for a Nightingale', 113, '', 'Anglais', 1),
(253, 'The Black Tower', 113, '', 'Anglais', 1),
(254, 'The Skull beneath the Skin', 113, '', 'Anglais', 1),
(255, 'Three Men in a Boat', 114, '', 'Anglais', 1),
(256, 'The Alchemist(2)+2 criticisms + a study', 115, '', 'Anglais', 1),
(257, 'The Cavalier Poets', 115, '', 'Anglais', 1),
(258, 'The History of Ranclar,Prince of Abinia', 116, '', 'Anglais', 1),
(259, 'Exiles', 117, '', 'Anglais', 1),
(260, 'Finnegan''s Wake (2)+(1 shorter)', 117, '', 'Anglais', 1),
(261, 'Giacomo Joyce', 117, '', 'Anglais', 1),
(262, 'Poems and shorter writings', 117, '', 'Anglais', 1),
(263, 'Selected Joyce Letters', 117, '', 'Anglais', 1),
(264, 'Stephen Hero (2)', 117, '', 'Anglais', 1),
(265, 'Ulysses(1Eng 2 French)', 117, '', 'Anglais', 1),
(266, 'My brother''s Keeper', 118, '', 'Anglais', 1),
(267, 'Geneses et Métamorphoses du Texte Joycien', 119, '', 'Anglais', 1),
(268, 'Joyce and the Art of Mediation', 119, '', 'Anglais', 1),
(269, 'Joyce''s Cities Archeology of the Tool.', 119, '', 'Anglais', 1),
(270, 'Les années de formation de Joyce à Dublin', 119, '', 'Anglais', 1),
(271, 'Mythic Worlds and Modern Worlds:on the Art of Joyce', 119, '', 'Anglais', 1),
(272, 'The Artist and the Labyirinth', 119, '', 'Anglais', 1),
(273, 'The Cambridge Companion', 119, '', 'Anglais', 1),
(274, 'The Centennial Symposium', 119, '', 'Anglais', 1),
(275, 'Up the Down Staircase', 120, '', 'Anglais', 1),
(276, 'The Far Pavillion', 121, '', 'Anglais', 1),
(277, 'Letters', 122, '', 'Anglais', 1),
(278, 'Poems', 122, '', 'Anglais', 1),
(279, 'Lake Wobegon Day', 123, '', 'Anglais', 1),
(280, 'How Late it was,how Late', 124, '', 'Anglais', 1),
(281, 'Shakespeare''s language', 125, '', 'Anglais', 1),
(282, 'Captain Courageous', 126, '', 'Anglais', 1),
(283, 'If', 126, '', 'Anglais', 1),
(284, 'Many Inventions', 126, '', 'Anglais', 1),
(285, 'Short Stories vols 1-2 (2)', 126, '', 'Anglais', 1),
(286, 'The Light that Fail', 126, '', 'Anglais', 1),
(287, 'The Man Would be King + stories', 126, '', 'Anglais', 1),
(288, 'The Second Jungle Book', 126, '', 'Anglais', 1),
(289, 'March Violets', 127, '', 'Anglais', 1),
(290, 'On the Road (2)', 127, '', 'Anglais', 1),
(291, 'The day the Rabbi Resigned', 127, '', 'Anglais', 1),
(292, 'The Unbearable Lightness of Being', 127, '', 'Anglais', 1),
(293, 'Tales from Shakespeare', 128, '', 'Anglais', 1),
(294, 'Shakespeare''s tragedies: an Anthology of Modern criticism', 129, '', 'Anglais', 1),
(295, 'The question of Hamlet', 130, '', 'Anglais', 1),
(296, 'The secret of Shakespeare', 131, '', 'Anglais', 1),
(297, 'Noro, a Biography', 132, '', 'Anglais', 1),
(298, 'Le Proche et le Lointain', 133, '', 'Anglais', 1),
(299, 'Shakespeare', 134, '', 'Anglais', 1),
(300, 'Joyce', 135, '', 'Anglais', 1),
(301, 'Hamlet et Panurge', 136, '', 'Anglais', 1),
(302, 'Joyce', 137, '', 'Anglais', 1),
(303, 'Entretiens avec Joyce', 138, '', 'Anglais', 1),
(304, '20th Century Views', 139, '', 'Anglais', 1),
(305, 'A Colder Eye The Modern British Writer', 139, '', 'Anglais', 1),
(306, 'A Femminist Reading', 139, '', 'Anglais', 1),
(307, 'Joyce', 139, '', 'Anglais', 1),
(308, 'Joyce and the Language of History', 139, '', 'Anglais', 1),
(309, 'Joyce''s Catholic Comedy of Language', 139, '', 'Anglais', 1),
(310, 'Joyce''s Voices', 139, '', 'Anglais', 1),
(311, 'Les Héros de James Joyce', 139, '', 'Anglais', 1),
(312, 'New Perspectives', 139, '', 'Anglais', 1),
(313, 'The Mysteries of Udolpho', 140, '', 'Anglais', 1),
(314, 'A Question of Blood', 141, '', 'Anglais', 1),
(315, 'Black and Blue', 141, '', 'Anglais', 1),
(316, 'Bleeding hearts', 141, '', 'Anglais', 1),
(317, 'Exit Music', 141, '', 'Anglais', 1),
(318, 'Fleshmarket Close', 141, '', 'Anglais', 1),
(319, 'Restoration plays : Dryden, Congreve…', 141, '', 'Anglais', 1),
(320, 'The Naming of the Dead', 141, '', 'Anglais', 1),
(321, 'Sleep It Off Lady', 142, '', 'Anglais', 1),
(322, 'The Fact of a Doorframe ', 143, '', 'Anglais', 1),
(323, 'The Former Miss Merthyr Tydfil and Other Stories ', 144, '', 'Anglais', 1),
(324, 'Clarissa volume 4', 145, '', 'Anglais', 1),
(325, 'Critical studies', 145, '', 'Anglais', 1),
(326, 'Pamela, volume 2 / volumes 1 and 2', 145, '', 'Anglais', 1),
(327, 'Alan Grant', 146, '', 'Anglais', 1),
(328, 'Four Frightened people', 147, '', 'Anglais', 1),
(329, 'Call it sleep', 148, '', 'Anglais', 1),
(330, 'American Pastoral', 149, '', 'Anglais', 1),
(331, 'Goodbye, Columbus', 149, '', 'Anglais', 1),
(332, 'Letting Go', 149, '', 'Anglais', 1),
(333, 'My Life As a Man', 149, '', 'Anglais', 1),
(334, 'Operation Shylock: A Confession', 149, '', 'Anglais', 1),
(335, 'Our gang', 149, '', 'Anglais', 1),
(336, 'The Great American Novel', 149, '', 'Anglais', 1),
(337, 'The Human Stain', 149, '', 'Anglais', 1),
(338, 'When She Was Good', 149, '', 'Anglais', 1),
(339, 'The God of Small Things', 150, '', 'Anglais', 1),
(340, 'John Citizen and the Law', 151, '', 'Anglais', 1),
(341, 'On Our selection', 152, '', 'Anglais', 1),
(342, 'Midnight children', 153, '', 'Anglais', 1),
(343, 'The Moor''s Last Sigh', 153, '', 'Anglais', 1),
(344, 'The Edwardians', 154, '', 'Anglais', 1),
(345, 'The best of Saki', 155, '', 'Anglais', 1),
(346, 'For Edmé, with love and squalor', 156, '', 'Anglais', 1),
(347, 'Raise high the roof beam, Carpenter and Seymour', 156, '', 'Anglais', 1),
(348, 'Rabbit boss', 157, '', 'Anglais', 1),
(349, 'Little children', 158, '', 'Anglais', 1),
(350, 'My name is Aram', 158, '', 'Anglais', 1),
(351, 'Memoirs of a Fox-Hunting Man', 159, '', 'Anglais', 1),
(352, 'Poems', 159, '', 'Anglais', 1),
(353, 'An Old Woman''s Reflections', 160, '', 'Anglais', 1),
(354, 'What makes Sammy run', 161, '', 'Anglais', 1),
(355, 'the jewell in the crown', 162, '', 'Anglais', 1),
(356, 'Old mortality', 163, '', 'Anglais', 1),
(357, 'The Heart of Midlothian', 163, '', 'Anglais', 1),
(358, 'The Making of the Novelist', 163, '', 'Anglais', 1),
(359, 'The Talisman + study', 163, '', 'Anglais', 1),
(360, 'Waverley', 163, '', 'Anglais', 1),
(361, 'Love story', 164, '', 'Anglais', 1),
(362, 'Man, woman and child', 164, '', 'Anglais', 1),
(363, 'Cock and Bull', 165, '', 'Anglais', 1),
(364, 'Grey area', 165, '', 'Anglais', 1),
(365, '1066 and All that', 166, '', 'Anglais', 1),
(366, 'Seven red Sundays', 167, '', 'Anglais', 1),
(367, 'A  suitable boy', 168, '', 'Anglais', 2),
(368, 'Two lives', 168, '', 'Anglais', 1),
(369, 'Sex and the social order', 169, '', 'Anglais', 1),
(370, 'Amadeus', 170, '', 'Anglais', 1),
(371, 'A Midsummer Night''s Dream', 171, '', 'Anglais', 1),
(372, 'Anthony and Cleopatra', 171, '', 'Anglais', 1),
(373, 'Coriolanus', 171, '', 'Anglais', 1),
(374, 'King Lear', 171, '', 'Anglais', 1),
(375, 'Macbeth', 171, '', 'Anglais', 1),
(376, 'Much ado about nothing', 171, '', 'Anglais', 1),
(377, 'Richard II', 171, '', 'Anglais', 1),
(378, 'Romeo and Juliet', 171, '', 'Anglais', 1),
(379, 'Sonnets', 171, '', 'Anglais', 1),
(380, 'The Merchant of Venice', 171, '', 'Anglais', 1),
(381, 'Queer Street 1', 172, '', 'Anglais', 1),
(382, 'Queer Street 2', 172, '', 'Anglais', 1),
(383, 'Ancestral vices', 173, '', 'Anglais', 1),
(384, 'Grantchester Grind', 173, '', 'Anglais', 1),
(385, 'Porterhouse Blue', 173, '', 'Anglais', 1),
(386, 'The Great pursuit ', 173, '', 'Anglais', 1),
(387, 'The Doctor''s Dilemma', 174, '', 'Anglais', 1),
(388, 'Frankestein', 175, '', 'Anglais', 1),
(389, '… studies', 176, '', 'Anglais', 1),
(390, 'Poetry and Prose', 176, '', 'Anglais', 1),
(391, 'Prometheus Unbound', 176, '', 'Anglais', 1),
(392, 'The Castle of Otranto', 177, '', 'Anglais', 1),
(393, 'Vathek', 177, '', 'Anglais', 1),
(394, 'A lie of the mind', 178, '', 'Anglais', 1),
(395, 'Le Critique', 179, '', 'Anglais', 1),
(396, 'The Stone Diaries', 180, '', 'Anglais', 1),
(397, 'A town like Alice', 181, '', 'Anglais', 1),
(398, 'The Countess of Pembroke''s Arcadia', 182, '', 'Anglais', 1),
(399, 'A Tree On Fire', 183, '', 'Anglais', 1),
(400, 'Men, women and children', 183, '', 'Anglais', 1),
(401, 'Saturday Night and Sunday Morning', 183, '', 'Anglais', 1),
(402, 'The Loneliness Of The Long-Distance Runner', 183, '', 'Anglais', 1),
(403, 'Poems', 184, '', 'Anglais', 1),
(404, 'White teeth', 185, '', 'Anglais', 1),
(405, 'Poems', 186, '', 'Anglais', 1),
(406, 'A study', 187, '', 'Anglais', 1),
(407, 'Humphry Clinker', 187, '', 'Anglais', 3),
(408, 'Roderick Random', 187, '', 'Anglais', 1),
(409, 'Corridors of power', 188, '', 'Anglais', 2),
(410, 'Souvenirs de Joyce', 189, '', 'Anglais', 1),
(411, 'The magic christian', 190, '', 'Anglais', 1),
(412, 'Plays  ', 191, '', 'Anglais', 1),
(413, 'A far cry from Kensington', 192, '', 'Anglais', 1),
(414, 'Robinson', 192, '', 'Anglais', 1),
(415, 'Short stories', 192, '', 'Anglais', 1),
(416, 'Symposium', 192, '', 'Anglais', 1),
(417, 'Territorial rights', 192, '', 'Anglais', 1),
(418, 'The abess of Crewe', 192, '', 'Anglais', 1),
(419, 'The ballad  of Peckham Rye', 192, '', 'Anglais', 1),
(420, 'The comforters', 192, '', 'Anglais', 1),
(421, 'The driver''s seat', 192, '', 'Anglais', 1),
(422, 'The go-away bird and other stories', 192, '', 'Anglais', 1),
(423, 'The prime of Miss Jean Brodie', 192, '', 'Anglais', 1),
(424, 'The 30s and after', 193, '', 'Anglais', 1),
(425, 'Maus', 194, '', 'Anglais', 1),
(426, 'His life and cases', 195, '', 'Anglais', 1),
(427, 'Fernhurst', 196, '', 'Anglais', 1),
(428, 'other ? Writing', 196, '', 'Anglais', 1),
(429, 'Q.E.D.', 196, '', 'Anglais', 1),
(430, 'A study', 197, '', 'Anglais', 1),
(431, 'Of mice and men + Cannery Row', 197, '', 'Anglais', 2),
(432, 'The wayward bus', 197, '', 'Anglais', 2),
(433, 'Tortilla flat', 197, '', 'Anglais', 1),
(434, 'Travels with Charly', 197, '', 'Anglais', 1),
(435, 'A reader', 198, '', 'Anglais', 1),
(436, 'Antigones', 198, '', 'Anglais', 1),
(437, 'Errata', 198, '', 'Anglais', 1),
(438, 'In Bluebeard''s castle', 198, '', 'Anglais', 1),
(439, 'Language and silence', 198, '', 'Anglais', 1),
(440, 'Le sens du sens', 198, '', 'Anglais', 1),
(441, 'Lessons of the masters', 198, '', 'Anglais', 1),
(442, 'My unwritten books', 198, '', 'Anglais', 1),
(443, 'No paasion spent', 198, '', 'Anglais', 1),
(444, 'On difficulty and other essays', 198, '', 'Anglais', 1),
(445, 'Proofs and 3 parables', 198, '', 'Anglais', 1),
(446, 'Reading G. Steiner', 198, '', 'Anglais', 1),
(447, 'Real presences', 198, '', 'Anglais', 1),
(448, 'The death of the tragedy', 198, '', 'Anglais', 1),
(449, 'The deeps of the sea and other fiction', 198, '', 'Anglais', 1),
(450, 'The portage to San Cristobal of A H', 198, '', 'Anglais', 1),
(451, 'Tolstoy or Dostoevsky', 198, '', 'Anglais', 2),
(452, 'What is comparative literature', 198, '', 'Anglais', 1),
(453, 'The Evil of the day', 199, '', 'Anglais', 1),
(454, 'Sentimental Journey', 200, '', 'Anglais', 1),
(455, 'The Life and Opinions of Tristram Shandy ', 200, '', 'Anglais', 1),
(456, 'Selected poems', 201, '', 'Anglais', 1),
(457, 'Dr Jekyll & Mr Hyde', 202, '', 'Anglais', 1),
(458, 'Essays and poems', 202, '', 'Anglais', 1),
(459, 'Kidnapped', 202, '', 'Anglais', 1),
(460, 'The Ebb-Tide', 202, '', 'Anglais', 1),
(461, 'The Master of Ballantrae', 202, '', 'Anglais', 1),
(462, 'Travels with a donkey in the Cévennes', 202, '', 'Anglais', 1),
(463, 'Dracula', 203, '', 'Anglais', 1),
(464, 'Every Good Boy Deserves Favour', 204, '', 'Anglais', 1),
(465, 'Professional Foul', 204, '', 'Anglais', 1),
(466, 'Rosencrantz and Guildenstern Are Dead', 204, '', 'Anglais', 1),
(467, 'The invention of love', 204, '', 'Anglais', 1),
(468, 'Travesties', 204, '', 'Anglais', 1),
(469, 'This sporting life', 205, '', 'Anglais', 1),
(470, 'Eminent Victorians', 206, '', 'Anglais', 1),
(471, 'La Reine Victoria', 206, '', 'Anglais', 1),
(472, 'The Red room', 207, '', 'Anglais', 1),
(473, 'Sophie''s choice', 208, '', 'Anglais', 1),
(474, 'The Long march', 208, '', 'Anglais', 1),
(475, 'Perfume', 209, '', 'Anglais', 1),
(476, 'Last orders                   ', 210, '', 'Anglais', 1),
(477, 'Out of this world', 210, '', 'Anglais', 1),
(478, 'Shuttlecocks', 210, '', 'Anglais', 1),
(479, 'The sweet shop owner', 210, '', 'Anglais', 1),
(480, 'Waterland', 210, '', 'Anglais', 1),
(481, 'Gulliver''s travels', 211, '', 'Anglais', 4),
(482, 'Poems', 212, '', 'Anglais', 1),
(483, 'Nocturne', 213, '', 'Anglais', 1),
(484, 'Playboy of the western world', 214, '', 'Anglais', 1),
(485, 'Plays Prose Poems', 214, '', 'Anglais', 1),
(486, 'Mortal mischief', 215, '', 'Anglais', 1),
(487, 'A wreath of roses', 216, '', 'Anglais', 1),
(488, 'Blaming', 216, '', 'Anglais', 1),
(489, 'Hester Lilly', 216, '', 'Anglais', 1),
(490, 'Palladian', 216, '', 'Anglais', 1),
(491, 'The blush', 216, '', 'Anglais', 1),
(492, 'The sleeping beauty', 216, '', 'Anglais', 1),
(493, 'The wedding group', 216, '', 'Anglais', 1),
(494, 'In memoriam', 217, '', 'Anglais', 1),
(495, 'Selected poems', 217, '', 'Anglais', 1),
(496, 'Les formes de la création romanesque à l''époque de Walter Scott et de Jane Austen 1814-1820', 218, '', 'Anglais', 1),
(497, 'Barry Lyndon', 219, '', 'Anglais', 1),
(498, 'English humourists + the 4 Georges', 219, '', 'Anglais', 1),
(499, 'Pendennis', 219, '', 'Anglais', 1),
(500, 'The history of the new ?', 219, '', 'Anglais', 1),
(501, 'The Virginians', 219, '', 'Anglais', 1),
(502, 'Vanity fair', 219, '', 'Anglais', 3),
(503, 'Half moon street', 220, '', 'Anglais', 1),
(504, 'Kowloon Tong', 220, '', 'Anglais', 1),
(505, 'The black house', 220, '', 'Anglais', 1),
(506, 'The great railway bazaar', 220, '', 'Anglais', 1),
(507, 'The mosquito coast', 220, '', 'Anglais', 1),
(508, 'Playing with cobras', 221, '', 'Anglais', 1),
(509, 'The white hotel', 222, '', 'Anglais', 1),
(510, 'A prospect of the sea', 223, '', 'Anglais', 1),
(511, 'Portrait of the artist as a young dog', 223, '', 'Anglais', 1),
(512, 'Under milkwood', 223, '', 'Anglais', 1),
(513, 'The por choppers', 224, '', 'Anglais', 1),
(514, 'The 5 gates to hell', 225, '', 'Anglais', 1),
(515, 'An Indian day', 226, '', 'Anglais', 1),
(516, '2 critical studies', 227, '', 'Anglais', 1),
(517, 'Walden', 227, '', 'Anglais', 3),
(518, 'Among the Russians', 228, '', 'Anglais', 1),
(519, 'The story of the night', 229, '', 'Anglais', 1),
(520, 'Smith of Wooton major and Farmer Giles of Ham', 230, '', 'Anglais', 1),
(521, 'Anna Karenina', 231, '', 'Anglais', 2),
(522, 'A confederacy of dunces', 232, '', 'Anglais', 1),
(523, 'Cane', 233, '', 'Anglais', 1),
(524, 'The queen and I', 234, '', 'Anglais', 1),
(525, 'Ireland', 235, '', 'Anglais', 1),
(526, 'Barchester towers', 236, '', 'Anglais', 3),
(527, 'Doctor Thorne', 236, '', 'Anglais', 1),
(528, 'Framley parsonage', 236, '', 'Anglais', 1),
(529, 'The book of snobs', 236, '', 'Anglais', 1),
(530, 'The last chronicle of Barset', 236, '', 'Anglais', 2),
(531, 'The warden', 236, '', 'Anglais', 3),
(532, 'Huckleberry Finn', 237, '', 'Anglais', 1),
(533, 'Les Etats-Unis de Mark Twain', 237, '', 'Anglais', 1),
(534, 'Pudd''nhead Wilson', 237, '', 'Anglais', 1),
(535, 'Tom Sawyer', 237, '', 'Anglais', 1),
(536, 'Internal affairs', 238, '', 'Anglais', 1),
(537, 'Couples', 239, '', 'Anglais', 1),
(538, 'Of the farm', 239, '', 'Anglais', 1),
(539, 'Rabbit, run', 239, '', 'Anglais', 1),
(540, 'The centaur', 239, '', 'Anglais', 2),
(541, 'The frontiers of the sea', 240, '', 'Anglais', 1),
(542, 'The Chinese gold murders', 241, '', 'Anglais', 1),
(543, 'Restoration plays Dryden, Wycherley, Vanburgh, Congreve', 242, '', 'Anglais', 1),
(544, 'The provoked wife', 242, '', 'Anglais', 3),
(545, 'The kama sutra', 243, '', 'Anglais', 1),
(546, 'Poems', 244, '', 'Anglais', 1),
(547, 'Miss Garnett''s angels', 245, '', 'Anglais', 1),
(548, 'Myra Breckinridge', 246, '', 'Anglais', 1),
(549, 'Myron', 246, '', 'Anglais', 1),
(550, 'A fatal inversion', 247, '', 'Anglais', 1),
(551, 'Asta''s book', 247, '', 'Anglais', 1),
(552, 'No night is too long', 247, '', 'Anglais', 1),
(553, 'The aeneid', 248, '', 'Anglais', 1),
(554, 'Hurry on down', 249, '', 'Anglais', 1),
(555, 'Meridian', 250, '', 'Anglais', 1),
(556, 'Ben Hur', 251, '', 'Anglais', 1),
(557, 'Border Music', 252, '', 'Anglais', 1),
(558, 'The Castle of Otranto (+ Walpole, Hugh: The Cathedral; Shelley, Mary: Frankenstein; Beckford, William: Vathek)', 253, '', 'Anglais', 1),
(559, 'Mr Perrin and Mr Traill', 254, '', 'Anglais', 1),
(560, 'A handful of dust', 255, '', 'Anglais', 1),
(561, 'Brideshead revisited', 255, '', 'Anglais', 1),
(562, 'Edmund Campion (Biography)', 255, '', 'Anglais', 1),
(563, 'Scoop', 255, '', 'Anglais', 1),
(564, 'Work suspended', 255, '', 'Anglais', 1),
(565, 'My  Apprenticeship', 256, '', 'Anglais', 1),
(566, 'Home school', 257, '', 'Anglais', 1),
(567, 'The Graduate', 257, '', 'Anglais', 1),
(568, 'Gone to earth', 258, '', 'Anglais', 1),
(569, 'The Duchess of Malfi', 259, '', 'Anglais', 1),
(570, 'Polaris and other stories', 260, '', 'Anglais', 1),
(571, 'The Cloning of Joanna May', 260, '', 'Anglais', 1),
(572, 'The Heart of the Country', 260, '', 'Anglais', 1),
(573, 'A propos de Dolores', 261, '', 'Anglais', 1),
(574, 'All aboard for Arafat', 261, '', 'Anglais', 1),
(575, 'Rippy’s … ?', 261, '', 'Anglais', 1),
(576, 'Tales of Wonder', 261, '', 'Anglais', 1),
(577, 'The Bollington of …?', 261, '', 'Anglais', 1),
(578, 'The History of Mr Polly (+ study)', 261, '', 'Anglais', 1),
(579, 'The New Machiavelli', 261, '', 'Anglais', 1),
(580, 'Tono-Bungay', 261, '', 'Anglais', 1),
(581, 'Roots', 262, '', 'Anglais', 1),
(582, 'The Wedding', 263, '', 'Anglais', 1),
(583, 'The Ambassador', 264, '', 'Anglais', 1),
(584, 'The Devil’s Advocate', 264, '', 'Anglais', 1),
(585, 'The Salamander', 264, '', 'Anglais', 1),
(586, 'Complete Works', 265, '', 'Anglais', 1),
(587, 'An Autobiography: A Backward Glance', 266, '', 'Anglais', 1),
(588, 'Ethan Frome', 266, '', 'Anglais', 1),
(589, 'The Age of Innocence', 266, '', 'Anglais', 1),
(590, 'The Buccaneers', 266, '', 'Anglais', 1),
(591, 'The Cruise of the Vanadis', 266, '', 'Anglais', 1),
(592, 'The Ghost Stories', 266, '', 'Anglais', 1),
(593, 'The Mother’s Recompense', 266, '', 'Anglais', 1),
(594, 'The reef', 266, '', 'Anglais', 1),
(595, 'The Stoics', 266, '', 'Anglais', 1),
(596, 'Riders in the Chariot', 267, '', 'Anglais', 1),
(597, 'The Cockatoos', 267, '', 'Anglais', 1),
(598, 'Voss', 267, '', 'Anglais', 1),
(599, 'Leaves of Grass', 268, '', 'Anglais', 1),
(600, 'A study', 269, '', 'Anglais', 1),
(601, 'Essays and Poems', 270, '', 'Anglais', 1),
(602, 'Lord Arthur Saville’s Crime and other stories', 270, '', 'Anglais', 1),
(603, 'The Picture of Dorian Gray', 270, '', 'Anglais', 2),
(604, 'The Uncollected Oscar Wilde', 270, '', 'Anglais', 1),
(605, 'The Bridge of San Luis Rey', 271, '', 'Anglais', 1),
(606, 'The Cabala', 271, '', 'Anglais', 1),
(607, 'The Women of Andros', 271, '', 'Anglais', 1),
(608, 'A Streetcar named Desire (+ The Glass Menagerie + Suddenly last Summer)', 272, '', 'Anglais', 1),
(609, 'A Bit off the Map and other stories', 273, '', 'Anglais', 1),
(610, 'Anglo-Saxon Attitudes', 273, '', 'Anglais', 1),
(611, 'Kipling', 273, '', 'Anglais', 1),
(612, 'The Old Men at the Zoo', 273, '', 'Anglais', 1),
(613, 'The Wrong Set and other stories', 273, '', 'Anglais', 1),
(614, 'The Crown of Life', 274, '', 'Anglais', 1),
(615, 'The Schlemiel (Schlemihl?) as modern hero', 275, '', 'Anglais', 1),
(616, 'Blandings Castle', 276, '', 'Anglais', 1),
(617, 'Laughing Gas', 276, '', 'Anglais', 1),
(618, 'A Study', 277, '', 'Anglais', 2),
(619, 'Que l’ange regarde de ce côté', 277, '', 'Anglais', 1),
(620, 'The Painted Word', 278, '', 'Anglais', 1),
(621, 'A Room of one’s own', 279, '', 'Anglais', 1),
(622, 'A Woman’s essays', 279, '', 'Anglais', 1),
(623, 'BELL Quentin: Woolf Volumes I and II', 279, '', 'Anglais', 1),
(624, 'Between the Acts', 279, '', 'Anglais', 1),
(625, 'Colloque de Cerisy', 279, '', 'Anglais', 1),
(626, 'HARPER Howard: Between Language and Silence: The Novels of Virginia Woolf', 279, '', 'Anglais', 1),
(627, 'Jacob’s Room', 279, '', 'Anglais', 2),
(628, 'LAURENCE Patricia Ondek: The reading of Silence: Virginia Woolf in the English Tradition', 279, '', 'Anglais', 1),
(629, 'Mrs Dalloway', 279, '', 'Anglais', 2),
(630, 'Orlando', 279, '', 'Anglais', 1),
(631, 'Plus', 279, '', 'Anglais', 1),
(632, 'The Voyage out', 279, '', 'Anglais', 1),
(633, 'The Waves (édition française)', 279, '', 'Anglais', 1),
(634, 'To the Lighthouse (+ 3 critical studies)', 279, '', 'Anglais', 2),
(635, 'While Rome burns', 280, '', 'Anglais', 1),
(636, 'Lyrical Ballads (with Samuel Taylor Coleridge)', 281, '', 'Anglais', 1),
(637, 'The Prelude (bilingual)', 281, '', 'Anglais', 1),
(638, 'Black Boy', 282, '', 'Anglais', 1),
(639, 'Native Son', 282, '', 'Anglais', 2),
(640, 'Collected Poems', 283, '', 'Anglais', 1),
(641, 'Poems', 283, '', 'Anglais', 1),
(642, 'Short Stories', 283, '', 'Anglais', 1),
(643, 'The Crescent Moon', 284, '', 'Anglais', 1),
(644, 'The French', 285, '', 'Anglais', 1);

CREATE TABLE IF NOT EXISTS `reserver` (
  `numEmprunteur` int(10) NOT NULL,
  `numLivre` int(10) NOT NULL,
  `dateReservation` datetime NOT NULL,
  `retireReservation` tinyint(1) NOT NULL,
  PRIMARY KEY (`numEmprunteur`,`numLivre`),
  KEY `numLivre` (`numLivre`)
) ENGINE=InnoDB DEFAULT CHARSET=utf8;


ALTER TABLE `critiquer`
  ADD CONSTRAINT `critiquer_ibfk_1` FOREIGN KEY (`numEmprunteur`) REFERENCES `emprunteur` (`numEmprunteur`),
  ADD CONSTRAINT `critiquer_ibfk_2` FOREIGN KEY (`numLivre`) REFERENCES `livre` (`numLivre`);

ALTER TABLE `emprunter`
  ADD CONSTRAINT `emprunter_ibfk_1` FOREIGN KEY (`numEmprunteur`) REFERENCES `emprunteur` (`numEmprunteur`),
  ADD CONSTRAINT `emprunter_ibfk_2` FOREIGN KEY (`numLivre`) REFERENCES `livre` (`numLivre`);

ALTER TABLE `evenement`
  ADD CONSTRAINT `evenement_ibfk_1` FOREIGN KEY (`numGestionnaire`) REFERENCES `gestionnaire` (`numGestionnaire`);

ALTER TABLE `genre_livre`
  ADD CONSTRAINT `genre_livre_ibfk_1` FOREIGN KEY (`numGenre`) REFERENCES `genre` (`numGenre`),
  ADD CONSTRAINT `genre_livre_ibfk_2` FOREIGN KEY (`numLivre`) REFERENCES `livre` (`numLivre`);

ALTER TABLE `livre`
  ADD CONSTRAINT `livre_ibfk_1` FOREIGN KEY (`numAuteur`) REFERENCES `auteur` (`numAuteur`);

ALTER TABLE `reserver`
  ADD CONSTRAINT `reserver_ibfk_1` FOREIGN KEY (`numEmprunteur`) REFERENCES `emprunteur` (`numEmprunteur`),
  ADD CONSTRAINT `reserver_ibfk_2` FOREIGN KEY (`numLivre`) REFERENCES `livre` (`numLivre`);
SET FOREIGN_KEY_CHECKS=1;

/*!40101 SET CHARACTER_SET_CLIENT=@OLD_CHARACTER_SET_CLIENT */;
/*!40101 SET CHARACTER_SET_RESULTS=@OLD_CHARACTER_SET_RESULTS */;
/*!40101 SET COLLATION_CONNECTION=@OLD_COLLATION_CONNECTION */;
