--
-- Structure de la table `auteur`
--

CREATE TABLE IF NOT EXISTS `auteur` (
  `numAuteur` int(10) NOT NULL AUTO_INCREMENT,
  `prenomAuteur` varchar(50) NOT NULL,
  `nomAuteur` varchar(50) NOT NULL,
  PRIMARY KEY (`numAuteur`)
) ENGINE=InnoDB  DEFAULT CHARSET=utf8 AUTO_INCREMENT=420 ;

--
-- Contenu de la table `auteur`
--

INSERT INTO `auteur` (`numAuteur`, `prenomAuteur`, `nomAuteur`) VALUES
(1, 'Chinua', 'ACHEBE'),
(2, 'Peter', 'ACKROYD'),
(3, 'Richard', 'ADAMS'),
(4, 'Fang', 'AI'),
(5, 'Louisa Mary', 'ALCOTT'),
(6, 'Richard', 'ALDINGTON'),
(7, 'Margery', 'ALLINGHAM'),
(8, 'Julia', 'ALVAREZ'),
(9, 'Kingsley', 'AMIS'),
(10, 'Martin', 'AMIS'),
(11, 'Hans Christian', 'ANDERSEN'),
(12, 'Evelyn', 'ANTHONY'),
(13, 'Antonio Lobo', 'ANTUNES'),
(14, 'John', 'ARBUTHNOT'),
(15, 'John', 'ARDEN'),
(16, 'Matthew', 'ARNOLD'),
(17, 'Kate', 'ATKINSON'),
(18, 'John', 'AUBREY '),
(19, 'Louis', 'AUCHINCLOSS'),
(20, 'Wystan Hugh', 'AUDEN'),
(21, 'Jane', 'AUSTEN'),
(22, 'Paul', 'AUSTER'),
(23, 'Lynne Reid', 'BANKS'),
(24, 'Gaston', 'BARDET'),
(25, 'Franklin John', 'BARDIN'),
(26, 'Pat', 'BARKER'),
(27, 'Julian', 'BARNES'),
(28, 'John', 'BARROW'),
(29, 'John', 'BARTH'),
(30, 'Samuel', 'BECKETT'),
(31, 'Max', 'BEERBOHM'),
(32, 'Saul', 'BELLOW'),
(33, 'Tonino', 'BENACQUISTA'),
(34, 'Peter', 'BENCHLEY'),
(35, 'Stephen Vincent', 'BENÈT'),
(36, 'Arnold', 'BENNETT'),
(37, 'Edward Frederic', 'BENSON'),
(38, 'Anonymous', 'ANONYMOUS'),
(39, 'Isaiah', 'BERLIN'),
(40, 'John', 'BETJEMAN'),
(41, 'William', 'BLAKE'),
(42, 'Harold', 'BLOOM'),
(43, 'Luciano', 'BOLIS'),
(44, 'Edward', 'BOND'),
(45, 'Guy', 'BOQUET'),
(46, 'Elizabeth', 'BOWEN'),
(47, 'Malcolm', 'BOWIE'),
(48, 'Paul', 'BOWLES'),
(49, 'William', 'BOYD'),
(50, 'Muriel Clara', 'BRADBROOK'),
(51, 'George', 'BRENNAND'),
(52, '(Anne, Charlotte, Emily Collins collective ed.)', 'BRONTE SISTERS'),
(53, 'Anita', 'BROOKNER'),
(54, 'Robert', 'BROWNING'),
(55, 'Ken', 'BRUEN'),
(56, 'Bill', 'BRYSON'),
(57, 'Pearl', 'BUCK'),
(58, 'Basil', 'BUNTING'),
(59, 'John', 'BUNYAN'),
(60, 'Anthony', 'BURGESS'),
(61, 'Anthony', 'BURGESS'),
(62, 'Anthony', 'BURGESS'),
(63, 'Frances Hodgson', 'BURNETT'),
(64, 'Fanny', 'BURNEY'),
(65, 'Robert', 'BURNS'),
(66, 'William', 'BURROUGHS'),
(67, 'Robert Olen', 'BUTLER'),
(68, 'Samuel', 'BUTLER'),
(69, 'A. S.', 'BYATT'),
(70, 'George Gordon', 'BYRON '),
(71, 'Bo', 'CALDWELL'),
(72, 'Erskine', 'CALDWELL'),
(73, 'Italo', 'CALVINO'),
(74, 'Ethan', 'CANIN'),
(75, 'Victor', 'CANNING'),
(76, 'Peter', 'CAREY'),
(77, 'William', 'CARLOS WILLIAMS'),
(78, 'Thomas', 'CARLYLE'),
(79, 'Caleb', 'CARR'),
(80, 'John Dickson', 'CARR'),
(81, 'Lewis', 'CARROLL'),
(82, 'Youngman', 'CARTER'),
(83, 'Michael', 'CHABON'),
(84, 'Raymond', 'CHANDLER'),
(85, 'Bruce', 'CHATWIN'),
(86, 'Geoffrey', 'CHAUCER '),
(87, 'Erskine', 'CHILDERS'),
(88, 'Kate', 'CHOPIN'),
(89, 'James', 'CLAVELL'),
(90, 'Samuel', 'CLEMENS'),
(91, 'J. M.', 'COETZEE'),
(92, 'Leonard', 'COHEN'),
(93, 'Samuel Taylor', 'COLERIDGE '),
(94, 'Norman', 'COLLINS'),
(95, 'Wilkie', 'COLLINS'),
(96, 'Ivy', 'COMPTON-BURNETT'),
(97, 'Richard', 'CONDON'),
(98, 'Joseph', 'CONRAD'),
(99, 'Pat', 'CONROY'),
(100, 'Peter', 'COSTELLO'),
(101, 'Stephen', 'CRANE'),
(102, 'James', 'CRITICISM'),
(103, 'James', 'CRITICISM'),
(104, 'A. J.', 'CRONIN'),
(105, 'Amanda', 'CROSS'),
(106, 'E. E.', 'CUMMINGS'),
(107, 'Louis', 'DE BERNIÈRES'),
(108, 'Thomas', 'DE QUINCEY'),
(109, 'Daniel', 'DEFOE'),
(110, 'John', 'DEL VECCHIO '),
(111, 'Walter', 'DELAMARRE '),
(112, 'Anita', 'DERAI '),
(113, 'Robert', 'DESNOS '),
(114, 'Francis', 'DICK'),
(115, 'Charles', 'DICKENS'),
(116, 'Peter', 'DICKIN SON'),
(117, 'John', 'DONNE '),
(118, 'John', 'DOS PASSOS '),
(119, 'Fiodor', 'DOSTOYEVSKY'),
(120, 'George', 'DOUGLAS '),
(121, 'Norman', 'DOUGLAS '),
(122, 'Conan', 'DOYLE'),
(123, 'Roddy', 'DOYLE'),
(124, 'Margaret', 'DRABBLE '),
(125, 'Theodore', 'DREISER '),
(126, 'John', 'DRYDEN'),
(127, 'Daphné', 'DU MAURIER'),
(128, 'Jane', 'DUNN '),
(129, 'Francesca', 'DURANTI '),
(130, 'Lawrence', 'DURRELL '),
(131, 'Umberto', 'ECCO '),
(132, 'Umberto', 'ECO'),
(133, 'Umberto', 'ECO'),
(134, 'Thomas Stearns', 'ELIOT'),
(135, 'George', 'ELIOT '),
(136, 'Thomas', 'ELLIS ALICE '),
(137, 'Ralph', 'ELLISON '),
(138, 'Richard', 'ELLMANN'),
(139, 'Richard', 'ELLMANN'),
(140, 'Richard', 'ELLMANN '),
(141, 'Richard', 'EMERY ROBERTS'),
(142, 'Louise', 'ERDRICH'),
(143, 'John', 'ERSKINE'),
(144, 'Jeffrey', 'EUGENIDES '),
(145, 'Janet', 'EVANOVITCH'),
(146, 'Nicholas', 'EVANS '),
(147, 'William', 'FAULKNER'),
(148, 'William', 'FAULKNER '),
(149, 'Sebastian', 'FAULKS '),
(150, 'Henry', 'FIELDING '),
(151, 'Anne', 'FINE '),
(152, 'Francis Scott Key', 'FITZGERALD'),
(153, 'Penelope', 'FITZGERALD '),
(154, 'Ken', 'FOLLETT '),
(155, 'John', 'FORD '),
(156, 'Sandrine', 'FORGE'),
(157, 'Helen', 'FORRESTER'),
(158, 'Edward Morgan', 'FORSTER '),
(159, 'Margaret', 'FORSTER '),
(160, 'Jessie', 'FOTHERGILL'),
(161, 'John', 'FOWLER '),
(162, 'Kate', 'FOX '),
(163, 'James George', 'FRAZER '),
(164, 'Nicci', 'FRENCH'),
(165, 'Marilyn', 'FRENCH '),
(166, 'Robert', 'FROST '),
(167, 'Robert', 'FULGHUM '),
(168, 'Samuel', 'FULLER '),
(169, 'Patrick', 'GALE'),
(170, 'John', 'GALSWORTHY'),
(171, 'Xingjian', 'GAO'),
(172, 'William Howard', 'GARE'),
(173, 'David', 'GASCOYNE'),
(174, 'Elizabeth', 'GASKELL'),
(175, 'John', 'GAY'),
(176, 'Stella', 'GIBBON'),
(177, 'Anton', 'GILL'),
(178, 'Bartholomew', 'GILL'),
(179, 'George', 'GISSING'),
(180, 'William', 'GODWIN'),
(181, 'St John Oliver', 'GOGARTY'),
(182, 'William', 'GOLDING'),
(183, 'Oliver', 'GOLDSMITH'),
(184, 'Nadine', 'GORDIMER'),
(185, 'Richard', 'GORDON'),
(186, 'Elizabeth', 'GOUDGE'),
(187, 'Kenneth', 'GRAHAM'),
(188, 'Winston', 'GRAHAM'),
(189, 'Robert', 'GRAVER'),
(190, 'Alasdair', 'GRAY'),
(191, 'Graham', 'GREEN'),
(192, 'Hannah', 'GREEN'),
(193, 'Zane', 'GREY'),
(194, 'Alec', 'GUINESS'),
(195, 'Aeneas', 'GUNN'),
(196, 'Arthur', 'HAILEY'),
(197, 'Dashiell', 'HAMMETT'),
(198, 'Thomas', 'HARDY'),
(199, 'Francis', 'HARTE BRET'),
(200, 'John', 'HAWKER'),
(201, 'Nathaniel', 'HAWTHORNE'),
(202, 'William', 'HAZLITT'),
(203, 'Hamus', 'HEANEY'),
(204, 'Joseph', 'HELLER'),
(205, 'Ernest', 'HEMINGWAY'),
(206, 'Alexander', 'HERGER'),
(207, 'Patricia', 'HIGHSMITH'),
(208, 'Chester', 'HIMES'),
(209, 'Peter', 'HOEG'),
(210, 'Eva', 'HOFFMAN'),
(211, 'James', 'HOGG'),
(212, 'Tom', 'HOLLAND'),
(213, 'Alan', 'HOLLINGHUNT'),
(214, 'Gerald', 'HOPKINS MANLEY'),
(215, 'Alfred Edward', 'HOUSMAN'),
(216, 'Tsao', 'HSUEH-CHIN '),
(217, 'Richard', 'HUGHES'),
(218, 'Ted', 'HUGHES'),
(219, 'David', 'HUME'),
(220, 'Barry', 'HUMPHRIES'),
(221, 'Aldous', 'HUXLEY'),
(222, 'Michael', 'INNER'),
(223, 'John', 'IRVING'),
(224, 'Christopher', 'ISHERWOOD'),
(225, 'Kazuo', 'ISHIGURO'),
(226, 'Henry', 'JAMES'),
(227, 'Henry', 'JAMES'),
(228, 'M. R.', 'JAMES'),
(229, 'Phyllis Dorothy', 'JAMES'),
(230, 'Jerome Klapka', 'JEROME'),
(231, 'Ben', 'JOHNSON'),
(232, 'Samuel', 'JOHNSON'),
(233, 'James', 'JOYCE'),
(234, 'Stanislaus', 'JOYCE'),
(235, 'Art', 'JOYCE''S'),
(236, 'Bill', 'KAUFMAN'),
(237, 'Mary Margaret', 'KAYE'),
(238, 'John', 'KEATS'),
(239, 'Garrison', 'KEILLOR'),
(240, 'James', 'KELMAN'),
(241, 'Frank', 'KERMODE'),
(242, 'Rudyard', 'KIPLING'),
(243, 'Rudyard', 'KIPLING'),
(244, 'Milan', 'KUNDERA'),
(245, 'Charles', 'LAMB'),
(246, 'Laurence', 'LERNER'),
(247, 'Harry', 'LEVIN'),
(248, 'Martin', 'LING'),
(249, 'Brenda', 'MADDOX'),
(250, 'Richard', 'MARIENTRAS'),
(251, 'Jean-Jacques', 'MAYOUX'),
(252, 'Vladimir', 'NABOKOV'),
(253, 'Vidiadhar Surajprasad', 'NAIPAUL'),
(254, 'Beverley', 'NICHOLS'),
(255, 'Lawrence', 'NORFOLK'),
(256, 'Franck', 'NORRIS'),
(257, 'Thomas', 'NORTON'),
(258, 'Edna', 'O''BRIAN'),
(259, 'Henry', 'O’'),
(260, 'Edna', 'O’BRIAN'),
(261, 'Patrick', 'O’BRIAN'),
(262, 'Flann', 'O’BRIEN'),
(263, 'Sean', 'O’CASEY'),
(264, 'Frank', 'O’CONNOR'),
(265, 'Sean', 'O’FAOLAIN'),
(266, 'Joe', 'ORTON'),
(267, 'George', 'ORWELL'),
(268, 'John', 'OSBORNE'),
(269, 'Ludmila', 'OULITSKAÏA'),
(270, 'Jean', 'PARIS'),
(271, 'Patrick', 'PAVINDER'),
(272, 'Arthur', 'POWER'),
(273, 'Jean-Michel', 'RABATÉ'),
(274, 'Ann', 'RADCLIFFE'),
(275, 'Ian', 'RANKIN'),
(276, 'Jean', 'RHYS'),
(277, 'Adrienne', 'RICH '),
(278, 'Alan', 'RICHARDS'),
(279, 'Samuel', 'RICHARDSON'),
(280, 'Nora', 'ROBERTS'),
(281, 'E. Arnot', 'ROBERTSON'),
(282, 'Henry', 'ROTH'),
(283, 'Philip', 'ROTH'),
(284, 'Arundhati', 'ROY'),
(285, 'Donald', 'RUBINSTEIN'),
(286, 'Steele', 'RUDD '),
(287, 'Salman', 'RUSHDIE'),
(288, 'Vita', 'SACKVILLE-WEST'),
(289, '', 'SAKI'),
(290, 'Jerome David', 'SALINGER'),
(291, 'Thomas', 'SANCHEZ'),
(292, 'William', 'SAROYAN'),
(293, 'Siegfried', 'SASSOON'),
(294, 'Pieg', 'SAYERS'),
(295, 'Budd', 'SCHULBERG'),
(296, 'Paul', 'SCOTT'),
(297, 'Walter', 'SCOTT'),
(298, 'Erich', 'SEGAL'),
(299, 'Will', 'SELF'),
(300, 'W. C.', 'SELLER'),
(301, 'Ramon', 'SENDER'),
(302, 'Vikram', 'SETH'),
(303, 'George', 'SEWARD'),
(304, 'Peter', 'SHAFFER'),
(305, 'William', 'SHAKESPEARE'),
(306, 'Edward', 'SHANKS '),
(307, 'Tom', 'SHARPE'),
(308, 'Bernard', 'SHAW'),
(309, 'Mary', 'SHELLEY'),
(310, 'Percy Bysshe', 'SHELLEY'),
(311, 'Mary, Horace, William', 'SHELLEY, WALPOLE, BECKFORD'),
(312, 'Sam', 'SHEPHERD'),
(313, 'Richard', 'SHERIDAN'),
(314, 'Carol', 'SHIELDS'),
(315, 'Nevil', 'SHUTE'),
(316, 'Philip', 'SIDNEY'),
(317, 'Alan', 'SILLITOE'),
(318, 'Stevie', 'SMITH'),
(319, 'Zadie', 'SMITH'),
(320, 'Iain', 'SMITH CRICHTON'),
(321, 'Tobias', 'SMOLLET'),
(322, 'C. P.', 'SNOW'),
(323, 'H.', 'SOUGAU'),
(324, 'Terry', 'SOUTERN'),
(325, 'Wole', 'SOYINKA'),
(326, 'Muriel', 'SPARK'),
(327, 'Stephen', 'SPENDER'),
(328, 'Art', 'SPIEGELMAN'),
(329, 'Bernard', 'SPILSBURY'),
(330, 'Gertrude', 'STEIN'),
(331, 'John', 'STEINBECK'),
(332, 'George', 'STEINER'),
(333, 'Thomas', 'STERLING'),
(334, 'Laurence', 'STERNE'),
(335, 'Wallace', 'STEVENS'),
(336, 'Robert Louis', 'STEVENSON'),
(337, 'Bram', 'STOCKER'),
(338, 'Tom', 'STOPPARD'),
(339, 'David', 'STOREY'),
(340, 'Lytton', 'STRACHEY'),
(341, 'August', 'STRINBERG'),
(342, 'William', 'STYRON'),
(343, 'Patrick', 'SUSKIND'),
(344, 'Graham', 'SWIFT'),
(345, 'Algernon Charles', 'SWINBURNE'),
(346, 'Frank', 'SWINNERTON'),
(347, 'John Millington', 'SYNGE'),
(348, 'Frank', 'TALLIS'),
(349, 'Elizabeth', 'TAYLOR'),
(350, 'Alfred', 'TENNYSON'),
(351, 'Hubert', 'TEYSSANDIER'),
(352, 'William Makepeace', 'THACKERAY'),
(353, 'Paul', 'THEROUX'),
(354, 'Craig', 'THOMAS'),
(355, 'D. M.', 'THOMAS'),
(356, 'Dylan', 'THOMAS'),
(357, 'R', 'THOMAS'),
(358, 'Rupert', 'THOMAS'),
(359, 'Edward', 'THOMPSON'),
(360, 'Henry David', 'THOREAU'),
(361, 'Colin', 'THUBRON'),
(362, 'Colm', 'TOIBIN'),
(363, 'J. R. R.', 'TOLKIEN'),
(364, 'Leo', 'TOLSTOY'),
(365, 'John Kennedy', 'TOOLE'),
(366, 'Jean', 'TOOMER'),
(367, 'Sue', 'TOWNSEND'),
(368, 'William', 'TREVOR'),
(369, 'Anthony', 'TROLLOPE'),
(370, 'Mark', 'TWAIN'),
(371, 'Jill', 'TWEEDIE'),
(372, 'John', 'UPDIKE'),
(373, 'Peter', 'USTINOV'),
(374, 'Robert', 'VAN GULIK'),
(375, 'John', 'VANBRUGH'),
(376, '', 'VATSANANANA'),
(377, 'Henry', 'VAUGHAM'),
(378, 'Sally', 'VICKERS'),
(379, 'Gore', 'VIDAL'),
(380, 'Barbara', 'VINE'),
(381, '', 'VIRGIL'),
(382, 'John', 'WAIN'),
(383, 'Alice', 'WALKER'),
(384, 'Lewis', 'WALLACE'),
(385, 'Robert James', 'WALLER'),
(386, 'Horace', 'WALPOLE'),
(387, 'Hugh', 'WALPOLE'),
(388, 'Evelyn', 'WAUGH'),
(389, 'Beatrice', 'WEBB'),
(390, 'Charles', 'WEBB'),
(391, 'Mary', 'WEBB'),
(392, 'John', 'WEBSTER'),
(393, 'Fay', 'WELDON'),
(394, 'H. G.', 'WELLS'),
(395, 'Arnold', 'WESKER'),
(396, 'Dorothy', 'WEST'),
(397, 'Morris', 'WEST'),
(398, 'Nathaniel', 'WEST'),
(399, 'Edith', 'WHARTON'),
(400, 'Patrick', 'WHITE'),
(401, 'Walt', 'WHITMAN'),
(402, 'John Greenleaf', 'WHITTIER'),
(403, 'Oscar', 'WILDE'),
(404, 'Thornton', 'WILDER'),
(405, 'Tennessee', 'WILLIAMS'),
(406, 'Angus', 'WILSON'),
(407, 'Angus', 'WILSON'),
(408, 'G.', 'WILSON KNIGHT'),
(409, 'Ruth R.', 'WINE'),
(410, 'P. G.', 'WODEHOUSE'),
(411, 'Thomas', 'WOLFE'),
(412, 'Tom', 'WOLFE'),
(413, 'Virginia', 'WOOLF'),
(414, 'Alexander', 'WOOLLCOTT'),
(415, 'William', 'WORDSWORTH'),
(416, 'Richard', 'WRIGHT'),
(417, 'W. B.', 'YEATS'),
(418, 'Francis Brett', 'YOUNG'),
(419, 'Theodore', 'ZELDIN');

-- --------------------------------------------------------

--
-- Structure de la table `config`
--

CREATE TABLE IF NOT EXISTS `config` (
  `id` int(11) NOT NULL AUTO_INCREMENT,
  `identifiant` varchar(255) NOT NULL,
  `valeur` text,
  PRIMARY KEY (`id`),
  UNIQUE KEY `identifiant` (`identifiant`)
) ENGINE=InnoDB  DEFAULT CHARSET=utf8 AUTO_INCREMENT=7 ;

--
-- Contenu de la table `config`
--

INSERT INTO `config` (`id`, `identifiant`, `valeur`) VALUES
(1, 'versionbdd', '3.0'),
(2, 'msgEmailDemande', ''),
(3, 'msgEmailReservationDispo', ''),
(4, 'msgEmailReservation', ''),
(5, 'adresseGmail', ''),
(6, 'mdpGmail', '');

-- --------------------------------------------------------

--
-- Structure de la table `critiquer`
--

CREATE TABLE IF NOT EXISTS `critiquer` (
  `numEmprunteur` int(10) NOT NULL,
  `numLivre` int(10) NOT NULL,
  `noteCritique` tinyint(1) NOT NULL,
  `commentaireCritique` text NOT NULL,
  `date` timestamp NOT NULL DEFAULT CURRENT_TIMESTAMP ON UPDATE CURRENT_TIMESTAMP,
  PRIMARY KEY (`numEmprunteur`,`numLivre`),
  KEY `numLivre` (`numLivre`)
) ENGINE=InnoDB DEFAULT CHARSET=utf8;

-- --------------------------------------------------------

--
-- Structure de la table `emailing`
--

CREATE TABLE IF NOT EXISTS `emailing` (
  `idMail` int(11) NOT NULL AUTO_INCREMENT,
  `to` varchar(150) NOT NULL,
  `subject` varchar(150) NOT NULL,
  `body` text NOT NULL,
  PRIMARY KEY (`idMail`)
) ENGINE=InnoDB  DEFAULT CHARSET=utf8 AUTO_INCREMENT=10 ;

-- --------------------------------------------------------

--
-- Structure de la table `emprunter`
--

CREATE TABLE IF NOT EXISTS `emprunter` (
  `numEmprunt` int(11) NOT NULL AUTO_INCREMENT,
  `numEmprunteur` int(10) NOT NULL,
  `numLivre` int(10) NOT NULL,
  `dateDemande` datetime DEFAULT NULL,
  `dateEmprunt` datetime DEFAULT NULL,
  `dateRetour` datetime DEFAULT NULL,
  `nbRappels` tinyint(1) NOT NULL,
  PRIMARY KEY (`numEmprunt`),
  KEY `numLivre` (`numLivre`),
  KEY `numEmprunteur` (`numEmprunteur`)
) ENGINE=InnoDB  DEFAULT CHARSET=utf8 AUTO_INCREMENT=12 ;

-- --------------------------------------------------------

--
-- Structure de la table `emprunteur`
--

CREATE TABLE IF NOT EXISTS `emprunteur` (
  `numEmprunteur` int(10) NOT NULL AUTO_INCREMENT,
  `nomEmprunteur` varchar(50) NOT NULL,
  `prenomEmprunteur` varchar(50) NOT NULL,
  `numRueEmprunteur` int(4) NOT NULL,
  `nomRueEmprunteur` varchar(150) NOT NULL,
  `villeEmprunteur` varchar(50) NOT NULL,
  `CodePostalEmprunteur` varchar(5) NOT NULL,
  `identifiantEmprunteur` varchar(50) NOT NULL,
  `mdpEmprunteur` varchar(50) NOT NULL,
  `telFixeEmprunteur` varchar(10) NOT NULL,
  `telPortableEmprunteur` varchar(10) NOT NULL,
  `emailEmprunteur` varchar(150) NOT NULL,
  PRIMARY KEY (`numEmprunteur`)
) ENGINE=InnoDB  DEFAULT CHARSET=utf8 AUTO_INCREMENT=26 ;

-- --------------------------------------------------------

--
-- Structure de la table `evenement`
--

CREATE TABLE IF NOT EXISTS `evenement` (
  `numEvenement` int(10) NOT NULL AUTO_INCREMENT,
  `nomEvenement` varchar(150) NOT NULL,
  `themeEvenement` varchar(50) NOT NULL,
  `lieuEvenement` varchar(50) NOT NULL,
  `dateEvenement` datetime NOT NULL,
  `desEvenement` text NOT NULL,
  `numGestionnaire` int(10) NOT NULL,
  PRIMARY KEY (`numEvenement`),
  KEY `numGestionnaire` (`numGestionnaire`)
) ENGINE=InnoDB  DEFAULT CHARSET=utf8 AUTO_INCREMENT=4 ;

-- --------------------------------------------------------

--
-- Structure de la table `genre`
--

CREATE TABLE IF NOT EXISTS `genre` (
  `numGenre` int(10) NOT NULL AUTO_INCREMENT,
  `genre` varchar(50) NOT NULL,
  PRIMARY KEY (`numGenre`)
) ENGINE=InnoDB  DEFAULT CHARSET=utf8 AUTO_INCREMENT=6 ;

--
-- Contenu de la table `genre`
--

INSERT INTO `genre` (`numGenre`, `genre`) VALUES
(1, 'Polar'),
(2, 'Nouvelles'),
(3, 'Policier'),
(5, 'Epislolaire');

-- --------------------------------------------------------

--
-- Structure de la table `genre_livre`
--

CREATE TABLE IF NOT EXISTS `genre_livre` (
  `numGenre` int(10) NOT NULL,
  `numLivre` int(10) NOT NULL,
  PRIMARY KEY (`numGenre`,`numLivre`),
  KEY `numLivre` (`numLivre`)
) ENGINE=InnoDB DEFAULT CHARSET=utf8;

--
-- Contenu de la table `genre_livre`
--

INSERT INTO `genre_livre` (`numGenre`, `numLivre`) VALUES
(1, 1),
(3, 1);

-- --------------------------------------------------------

--
-- Structure de la table `gestionnaire`
--

CREATE TABLE IF NOT EXISTS `gestionnaire` (
  `numGestionnaire` int(10) NOT NULL AUTO_INCREMENT,
  `pseudoGestionnaire` varchar(50) NOT NULL,
  `mdpGestionnaire` varchar(50) NOT NULL,
  `telGestionnaire` varchar(10) NOT NULL,
  `emailGestionnaire` varchar(150) NOT NULL,
  `nomGestionnaire` varchar(50) NOT NULL,
  `prenomGestionnaire` varchar(50) NOT NULL,
  PRIMARY KEY (`numGestionnaire`)
) ENGINE=InnoDB  DEFAULT CHARSET=utf8 AUTO_INCREMENT=2 ;

-- --------------------------------------------------------

--
-- Structure de la table `livre`
--

CREATE TABLE IF NOT EXISTS `livre` (
  `numLivre` int(11) NOT NULL AUTO_INCREMENT,
  `titreLivre` varchar(150) NOT NULL,
  `numAuteur` int(11) NOT NULL,
  `resumeLivre` text NOT NULL,
  `langueLivre` varchar(50) NOT NULL,
  `nbExemplaireLivre` tinyint(4) NOT NULL,
  PRIMARY KEY (`numLivre`),
  KEY `numAuteur` (`numAuteur`)
) ENGINE=InnoDB  DEFAULT CHARSET=utf8 AUTO_INCREMENT=941 ;

--
-- Contenu de la table `livre`
--

INSERT INTO `livre` (`numLivre`, `titreLivre`, `numAuteur`, `resumeLivre`, `langueLivre`, `nbExemplaireLivre`) VALUES
(1, 'Arrow of God', 1, '', 'Anglais', 1),
(2, 'Chatterton ', 2, '', 'Anglais', 1),
(3, 'Dan Lenox and the Limehouse Golem ', 2, '', 'Anglais', 1),
(4, 'English Music ', 2, '', 'Anglais', 1),
(5, 'London : The Biography ', 2, '', 'Anglais', 1),
(6, 'The Great Fire of London ', 2, '', 'Anglais', 1),
(7, 'The House of Doctot Dee ', 2, '', 'Anglais', 1),
(8, 'Tales from Watership Down ', 3, '', 'Anglais', 1),
(9, 'The Scholar and the Serving Maid ', 4, '', 'Anglais', 1),
(10, 'Good Wives ', 5, '', 'Anglais', 1),
(11, 'Death of a Hero ', 6, '', 'Anglais', 1),
(12, 'Soft Answers ', 6, '', 'Anglais', 1),
(13, 'The Colonel’s Daughter ', 6, '', 'Anglais', 1),
(14, 'Largo of Eagles ', 7, '', 'Anglais', 1),
(15, 'In the Time of the Butherflies ', 8, '', 'Anglais', 1),
(16, 'The Riverside Villas Murder ', 9, '', 'Anglais', 1),
(17, 'Time’s Arrow ', 10, '', 'Anglais', 1),
(18, 'Tales ', 11, '', 'Anglais', 1),
(19, 'The Tamarind Seed ', 12, '', 'Anglais', 1),
(20, 'Connaissance de l’enfer ', 13, '', 'Anglais', 1),
(21, 'The History of John Bull', 14, '', 'Anglais', 1),
(22, 'Sergeant Musgrave’s Dance ', 15, '', 'Anglais', 1),
(23, 'Arnold and the Betrayal of Language ', 16, '', 'Anglais', 1),
(24, 'Arnold, the Poet and the Humanist ', 16, '', 'Anglais', 1),
(25, 'Culture and Anarchy ', 16, '', 'Anglais', 1),
(26, 'Selected Prose ', 16, '', 'Anglais', 1),
(27, 'The Human Croquet ', 17, '', 'Anglais', 1),
(28, 'Brief Lives ', 18, '', 'Anglais', 1),
(29, 'The Indifferent Children ', 19, '', 'Anglais', 1),
(30, 'Collected Poems ', 20, '', 'Anglais', 1),
(31, 'Emma (+ critical edition) ', 21, '', 'Anglais', 1),
(32, 'Lady Susan / The Watsons / Sanditon. ', 21, '', 'Anglais', 1),
(33, 'Man sfield Park (critical ed.) ', 21, '', 'Anglais', 1),
(34, 'Northanger Abbey ', 21, '', 'Anglais', 1),
(35, 'Sense and Sensibility ', 21, '', 'Anglais', 1),
(36, 'Leviathan ', 22, '', 'Anglais', 1),
(37, 'The Invention of Solitude ', 22, '', 'Anglais', 1),
(38, 'The L-shaped Room ', 23, '', 'Anglais', 1),
(39, 'Ishrael, connais ton Dieu ', 24, '', 'Anglais', 1),
(40, 'Omnibus ', 25, '', 'Anglais', 1),
(41, 'The Ghost Road ', 26, '', 'Anglais', 1),
(42, 'A History of the World in 10 ½ Chapters ', 27, '', 'Anglais', 1),
(43, 'Arthur and George ', 27, '', 'Anglais', 1),
(44, 'Flaubert’s Parrot ', 27, '', 'Anglais', 1),
(45, 'Someting to Declare ', 27, '', 'Anglais', 1),
(46, 'The Mutiny of the Bounty ', 28, '', 'Anglais', 1),
(47, 'Giles Goat-Boy ', 29, '', 'Anglais', 1),
(48, 'The Floating Opera ', 29, '', 'Anglais', 1),
(49, 'The Sot-Weed Factor ', 29, '', 'Anglais', 1),
(50, '2 Critical Studies ', 30, '', 'Anglais', 1),
(51, 'A Biography by Alvarez ', 30, '', 'Anglais', 1),
(52, 'Beckett (Cahiers de l’Herne) ', 30, '', 'Anglais', 1),
(53, 'Beckett (Écrivains de toujours) ', 30, '', 'Anglais', 1),
(54, 'More Pricks than Kicks ', 30, '', 'Anglais', 1),
(55, 'Murphy ', 30, '', 'Anglais', 1),
(56, 'The Expelled and other novellas ', 30, '', 'Anglais', 1),
(57, 'Waiting for Godot ', 30, '', 'Anglais', 1),
(58, 'Zuleika Dolson ', 31, '', 'Anglais', 1),
(59, 'Dangling Man ', 32, '', 'Anglais', 1),
(60, 'Henderson the Rain King ', 32, '', 'Anglais', 1),
(61, 'Herzog ', 32, '', 'Anglais', 1),
(62, 'Mosby’s Memoirs and Other Stories ', 32, '', 'Anglais', 1),
(63, 'Seize the day ', 32, '', 'Anglais', 1),
(64, 'The Adventures of Augie March ', 32, '', 'Anglais', 1),
(65, 'The Victim ', 32, '', 'Anglais', 1),
(66, 'To Jerusalem and Back ', 32, '', 'Anglais', 1),
(67, 'La Bête noire ', 33, '', 'Anglais', 1),
(68, 'Jaws ', 34, '', 'Anglais', 1),
(69, 'The Pocket Book ', 35, '', 'Anglais', 1),
(70, 'Riceyman Steps ', 36, '', 'Anglais', 1),
(71, 'The Old Wives’ Tale ', 36, '', 'Anglais', 1),
(72, 'Lucia Vitrix ', 37, '', 'Anglais', 1),
(73, 'The Song of Beowulf ', 38, '', 'Anglais', 1),
(74, 'The Sense of Reality ', 39, '', 'Anglais', 1),
(75, 'Summoned by Bells ', 40, '', 'Anglais', 1),
(76, 'Blake : The Lyric Poetry ', 41, '', 'Anglais', 1),
(77, 'Blake (U2 Armand Colin) ', 41, '', 'Anglais', 1),
(78, 'Poems (+ Monarch notes) ', 41, '', 'Anglais', 1),
(79, 'Songs of Innocence and Experience ', 41, '', 'Anglais', 1),
(80, 'Omens of Millennium ', 42, '', 'Anglais', 1),
(81, 'Mon grain de sable ', 43, '', 'Anglais', 1),
(82, 'Lear ', 44, '', 'Anglais', 1),
(83, 'Théâtre et société : Shakespeare', 45, '', 'Anglais', 1),
(84, 'A World of Love ', 46, '', 'Anglais', 1),
(85, 'Proust among the Stars ', 47, '', 'Anglais', 1),
(86, 'The Sheltering Sky ', 48, '', 'Anglais', 1),
(87, 'An Ice Cream War ', 49, '', 'Anglais', 1),
(88, 'Stars and Bars ', 49, '', 'Anglais', 1),
(89, 'The Blue Afternoon ', 49, '', 'Anglais', 1),
(90, 'The New Confessions ', 49, '', 'Anglais', 1),
(91, 'Themes and Conventions of Elizabethan Tragedy', 50, '', 'Anglais', 1),
(92, 'Walton’s Delight ', 51, '', 'Anglais', 1),
(93, 'Jane Eyre ', 52, '', 'Anglais', 1),
(94, 'Shirley ', 52, '', 'Anglais', 1),
(95, 'The Professor, etc… ', 52, '', 'Anglais', 1),
(96, 'The Tenant of Wildfell Hall, Agnes Grey.', 52, '', 'Anglais', 1),
(97, 'Villette ', 52, '', 'Anglais', 1),
(98, 'Wuthering Heights ', 52, '', 'Anglais', 1),
(99, 'A Closed Eye ', 53, '', 'Anglais', 1),
(100, 'A Family Romance ', 53, '', 'Anglais', 1),
(101, 'A Friend from England ', 53, '', 'Anglais', 1),
(102, 'A Private View ', 53, '', 'Anglais', 1),
(103, 'A Start in Life ', 53, '', 'Anglais', 1),
(104, 'Brief Lives ', 53, '', 'Anglais', 1),
(105, 'Family and Friends ', 53, '', 'Anglais', 1),
(106, 'Fraud ', 53, '', 'Anglais', 1),
(107, 'Hotel du Lac ', 53, '', 'Anglais', 1),
(108, 'Incidents in the rue Laugier', 53, '', 'Anglais', 1),
(109, 'Latecomers ', 53, '', 'Anglais', 1),
(110, 'Lewis Percy ', 53, '', 'Anglais', 1),
(111, 'Look at Me ', 53, '', 'Anglais', 1),
(112, 'Providence ', 53, '', 'Anglais', 1),
(113, 'Visitors ', 53, '', 'Anglais', 1),
(114, 'Men and Women ', 54, '', 'Anglais', 1),
(115, 'Priest ', 55, '', 'Anglais', 1),
(116, 'A Walk in the Woods ', 56, '', 'Anglais', 1),
(117, 'Made in America ', 56, '', 'Anglais', 1),
(118, 'Neither Here nor There ', 56, '', 'Anglais', 1),
(119, 'Notes from a Big Country ', 56, '', 'Anglais', 1),
(120, 'Notes from a Small Island ', 56, '', 'Anglais', 1),
(121, 'The Mother Tongue : English ', 56, '', 'Anglais', 1),
(122, 'The Devil Never Sleeps ', 57, '', 'Anglais', 1),
(123, 'The Good Earth ', 57, '', 'Anglais', 1),
(124, 'Poems ', 58, '', 'Anglais', 1),
(125, 'The Pilgrim’s Progress ', 59, '', 'Anglais', 1),
(126, 'Rejoyce', 60, '', 'Anglais', 1),
(127, 'Revue Europe Special Joyce', 60, '', 'Anglais', 1),
(128, 'Rejoyce', 61, '', 'Anglais', 1),
(129, 'Revue Europe Special Joyce', 61, '', 'Anglais', 1),
(130, 'A Deadman in Deptford ', 62, '', 'Anglais', 1),
(131, 'Earthly Powers ', 62, '', 'Anglais', 1),
(132, 'Nothing like the Sun ', 62, '', 'Anglais', 1),
(133, 'The Secret Garden ', 63, '', 'Anglais', 1),
(134, 'Evelina ', 64, '', 'Anglais', 1),
(135, 'The Diary of Fanny Burney ', 64, '', 'Anglais', 1),
(136, 'Poems ', 65, '', 'Anglais', 1),
(137, 'The Soft Machine ', 66, '', 'Anglais', 1),
(138, 'L’extraterrestre de mon cœur ', 67, '', 'Anglais', 1),
(139, 'The White Russian ', 67, '', 'Anglais', 1),
(140, 'Erewhon ', 68, '', 'Anglais', 1),
(141, 'The Way of All Flesh ', 68, '', 'Anglais', 1),
(142, 'The Matisse Stories ', 69, '', 'Anglais', 1),
(143, 'Poems ', 70, '', 'Anglais', 1),
(144, 'The Distant Land of my Father ', 71, '', 'Anglais', 1),
(145, 'God’s Little Acre ', 72, '', 'Anglais', 1),
(146, 'Journeyman ', 72, '', 'Anglais', 1),
(147, 'If on a Winter’s Night a Traveller ', 73, '', 'Anglais', 1),
(148, 'The Palace Thief ', 74, '', 'Anglais', 1),
(149, 'The Golden Salamander ', 75, '', 'Anglais', 1),
(150, 'Oscar and Lucinda ', 76, '', 'Anglais', 1),
(151, 'A Study', 77, '', 'Anglais', 1),
(152, 'Poems', 77, '', 'Anglais', 1),
(153, 'Sartor Resartus. ', 78, '', 'Anglais', 1),
(154, 'The Alienist ', 79, '', 'Anglais', 1),
(155, 'The Mad Hatter’s Mystery ', 80, '', 'Anglais', 1),
(156, 'Works ', 81, '', 'Anglais', 1),
(157, 'Mr Campion’s Falcon ', 82, '', 'Anglais', 1),
(158, 'The Mysteries of Pittsburgh ', 83, '', 'Anglais', 1),
(159, 'Collected Works (vol 1) ', 84, '', 'Anglais', 1),
(160, 'What Am I Doing Here ? ', 85, '', 'Anglais', 1),
(161, 'An Introduction to Troilus and Criseyde ', 86, '', 'Anglais', 1),
(162, 'Troilus and Criseyde ', 86, '', 'Anglais', 1),
(163, 'The Riddle of the Sands', 87, '', 'Anglais', 1),
(164, 'The Awakening ', 88, '', 'Anglais', 1),
(165, 'Tai-Pan ', 89, '', 'Anglais', 1),
(166, 'Langhorne (Mark Twain) : Pudd’nhead Wilson.', 90, '', 'Anglais', 1),
(167, 'Waiting for the Barbarians ', 91, '', 'Anglais', 1),
(168, 'Beautiful Losers ', 92, '', 'Anglais', 1),
(169, 'The Favourite Game ', 92, '', 'Anglais', 1),
(170, 'Poetical Works ', 93, '', 'Anglais', 1),
(171, 'Penang Appointment ', 94, '', 'Anglais', 1),
(172, 'The Moonstone ', 95, '', 'Anglais', 1),
(173, 'The Woman in White ', 95, '', 'Anglais', 1),
(174, 'A Family and a Fortune', 96, '', 'Anglais', 1),
(175, 'The Last and the First ', 96, '', 'Anglais', 1),
(176, 'The Manchurian Candidate ', 97, '', 'Anglais', 1),
(177, 'Heart of Darkness ', 98, '', 'Anglais', 1),
(178, 'Nostromo ', 98, '', 'Anglais', 1),
(179, 'The Nigger of the Narcissus ', 98, '', 'Anglais', 1),
(180, 'The Secret Agent ', 98, '', 'Anglais', 1),
(181, 'Victory ', 98, '', 'Anglais', 1),
(182, 'The Water is Wide ', 99, '', 'Anglais', 1),
(183, 'A Reader''s Guide to Finnegans Wake', 100, '', 'Anglais', 1),
(184, 'A Skeleton Key to Finnegans Wake', 100, '', 'Anglais', 1),
(185, 'Annotation to Finnegans Wake', 100, '', 'Anglais', 1),
(186, 'Dubliners A Study', 100, '', 'Anglais', 2),
(187, 'Joyce Annotated Notes for Dubliners and A Portrait of an Artist as a Young Man', 100, '', 'Anglais', 1),
(188, 'The Life of Leopold Bloom a novel', 100, '', 'Anglais', 1),
(189, 'The Portrait of an Artist as a Young Man, a Study+ a Student''s Guide', 100, '', 'Anglais', 1),
(190, 'Maggie, a Girl of the Street ', 101, '', 'Anglais', 1),
(191, 'The Red Badge of Courage and other stories ', 101, '', 'Anglais', 1),
(192, 'La Cuo O Litteraire', 102, '', 'Anglais', 1),
(193, 'The Art of the Novel', 102, '', 'Anglais', 1),
(194, 'The Portable James', 102, '', 'Anglais', 1),
(195, 'Three critical studies', 102, '', 'Anglais', 1),
(196, 'Une amitié litteraire', 102, '', 'Anglais', 1),
(197, 'La Cuo O Litteraire', 103, '', 'Anglais', 1),
(198, 'The Art of the Novel', 103, '', 'Anglais', 1),
(199, 'The Portable James', 103, '', 'Anglais', 1),
(200, 'Three critical studies', 103, '', 'Anglais', 1),
(201, 'Une amitié litteraire', 103, '', 'Anglais', 1),
(202, 'The Judas Tree ', 104, '', 'Anglais', 1),
(203, 'An Imperfect Spy ', 105, '', 'Anglais', 1),
(204, 'Poetic Justice ', 105, '', 'Anglais', 1),
(205, 'The James Joyce Murder ', 105, '', 'Anglais', 1),
(206, 'The Players come again ', 105, '', 'Anglais', 1),
(207, 'The Question of Max ', 105, '', 'Anglais', 1),
(208, 'The Theban Mysteries ', 105, '', 'Anglais', 1),
(209, 'Poems ', 106, '', 'Anglais', 1),
(210, 'Captain Corelli’s Mandolin ', 107, '', 'Anglais', 1),
(211, 'Confession of an English opium eater', 108, '', 'Anglais', 1),
(212, 'Moll Flanders', 109, '', 'Anglais', 2),
(213, 'Robinson Crusoe', 109, '', 'Anglais', 1),
(214, 'The 13th valley', 110, '', 'Anglais', 1),
(215, 'Peacok Pie', 111, '', 'Anglais', 1),
(216, 'The village by the sea', 112, '', 'Anglais', 1),
(217, 'A Libertine', 113, '', 'Anglais', 1),
(218, 'Trial run', 114, '', 'Anglais', 1),
(219, '3 critical editions', 115, '', 'Anglais', 1),
(220, 'A tale of 2 cities', 115, '', 'Anglais', 2),
(221, 'Bleak Hours (Notes)', 115, '', 'Anglais', 1),
(222, 'David Copperfield', 115, '', 'Anglais', 1),
(223, 'Dombey and Son', 115, '', 'Anglais', 1),
(224, 'Hard Times (+ Master Humphrey''s clock)', 115, '', 'Anglais', 1),
(225, 'Little Dorritt', 115, '', 'Anglais', 2),
(226, 'Martin Chuzzleint', 115, '', 'Anglais', 1),
(227, 'The old curiosity shop', 115, '', 'Anglais', 1),
(228, 'The violent effigy (a study)', 115, '', 'Anglais', 1),
(229, 'The Xmas book', 115, '', 'Anglais', 2),
(230, 'Lizard in the cup', 116, '', 'Anglais', 1),
(231, 'Complete poems', 117, '', 'Anglais', 1),
(232, 'The Big Money', 118, '', 'Anglais', 1),
(233, 'The Insulted & the Injured', 119, '', 'Anglais', 1),
(234, 'The House with the green shutters', 120, '', 'Anglais', 1),
(235, 'South Wind', 121, '', 'Anglais', 1),
(236, 'Sir Nigel', 122, '', 'Anglais', 1),
(237, 'The woman who walked into doors', 123, '', 'Anglais', 1),
(238, 'The radiant way', 124, '', 'Anglais', 2),
(239, 'The realm of God', 124, '', 'Anglais', 1),
(240, 'The waterfall', 124, '', 'Anglais', 1),
(241, 'An American Tragedy', 125, '', 'Anglais', 2),
(242, 'Sister Carrie', 125, '', 'Anglais', 3),
(243, 'A selection', 126, '', 'Anglais', 1),
(244, 'Gerald', 127, '', 'Anglais', 1),
(245, 'Jamaica Inn', 127, '', 'Anglais', 1),
(246, 'The Birds', 127, '', 'Anglais', 2),
(247, 'The Parasites', 127, '', 'Anglais', 1),
(248, 'Elisabeth & Mary', 128, '', 'Anglais', 1),
(249, 'The house on Moon Lake', 129, '', 'Anglais', 1),
(250, 'Balthazar', 130, '', 'Anglais', 1),
(251, 'Clea', 130, '', 'Anglais', 1),
(252, 'Mountolive', 130, '', 'Anglais', 1),
(253, 'Reflections on the name of the Rose', 131, '', 'Anglais', 1),
(254, 'The Island of the day before', 131, '', 'Anglais', 1),
(255, 'The mysterious flame of Queen Loana', 131, '', 'Anglais', 1),
(256, 'Joyce A Clew', 132, '', 'Anglais', 1),
(257, 'Joyce Revue de Littérature Moderne Vol 1-2', 132, '', 'Anglais', 1),
(258, 'Joyce the Revolution of the Word', 132, '', 'Anglais', 1),
(259, 'The Middle Ages of Joyce', 132, '', 'Anglais', 1),
(260, 'Joyce A Clew', 133, '', 'Anglais', 1),
(261, 'Joyce Revue de Littérature Moderne Vol 1-2', 133, '', 'Anglais', 1),
(262, 'Joyce the Revolution of the Word', 133, '', 'Anglais', 1),
(263, 'The Middle Ages of Joyce', 133, '', 'Anglais', 1),
(264, 'Murder in the cathedral', 134, '', 'Anglais', 2),
(265, 'Notes towards the definition of culture', 134, '', 'Anglais', 1),
(266, 'Adam Bede', 135, '', 'Anglais', 2),
(267, 'Middle March (+ studies)', 135, '', 'Anglais', 2),
(268, 'Scenes of Clerical Life', 135, '', 'Anglais', 1),
(269, 'The Mill on the floss', 135, '', 'Anglais', 2),
(270, 'The clothes in the wardrobe', 136, '', 'Anglais', 2),
(271, 'The fly in the ointment', 136, '', 'Anglais', 1),
(272, 'The skeleton in the cupboard', 136, '', 'Anglais', 1),
(273, 'Invisible Man', 137, '', 'Anglais', 1),
(274, 'A Guide through Ulysses The New Bloomsday Book', 138, '', 'Anglais', 1),
(275, 'A Making of Ulysses', 138, '', 'Anglais', 1),
(276, 'A Study', 138, '', 'Anglais', 1),
(277, 'Détour et Retour dans Ulysses', 138, '', 'Anglais', 1),
(278, 'James Joyce and his World', 138, '', 'Anglais', 1),
(279, 'James Joyce''s Ulysses ', 138, '', 'Anglais', 1),
(280, 'James Joyce''s Ulysses Critical Essays', 138, '', 'Anglais', 1),
(281, 'Joyce', 138, '', 'Anglais', 1),
(282, 'The Aesthetics of Dedalus and Bloom', 138, '', 'Anglais', 1),
(283, 'The Art of Joyce Method and Design in Ulysses and Finnegan''s Wake', 138, '', 'Anglais', 1),
(284, 'The Book as World James Joyce''s Ulysses', 138, '', 'Anglais', 1),
(285, 'The Poems and Verse of James Joyce', 138, '', 'Anglais', 1),
(286, 'The Years of Growth (1882-1915)', 138, '', 'Anglais', 1),
(287, 'Ulysses 50 ans après', 138, '', 'Anglais', 1),
(288, 'Ulysses An anatomy of the Tool', 138, '', 'Anglais', 1),
(289, 'Ulysses Annotated', 138, '', 'Anglais', 1),
(290, 'Ulysses on the Liffey', 138, '', 'Anglais', 1),
(291, 'Ulysses The Corrected Text', 138, '', 'Anglais', 1),
(292, 'Ulysses The larger Perspective', 138, '', 'Anglais', 1),
(293, 'A Guide through Ulysses The New Bloomsday Book', 139, '', 'Anglais', 1),
(294, 'A Making of Ulysses', 139, '', 'Anglais', 1),
(295, 'A Study', 139, '', 'Anglais', 1),
(296, 'Détour et Retour dans Ulysses', 139, '', 'Anglais', 1),
(297, 'James Joyce and his World', 139, '', 'Anglais', 1),
(298, 'James Joyce''s Ulysses ', 139, '', 'Anglais', 1),
(299, 'James Joyce''s Ulysses Critical Essays', 139, '', 'Anglais', 1),
(300, 'Joyce', 139, '', 'Anglais', 1),
(301, 'The Aesthetics of Dedalus and Bloom', 139, '', 'Anglais', 1),
(302, 'The Art of Joyce Method and Design in Ulysses and Finnegan''s Wake', 139, '', 'Anglais', 1),
(303, 'The Book as World James Joyce''s Ulysses', 139, '', 'Anglais', 1),
(304, 'The Poems and Verse of James Joyce', 139, '', 'Anglais', 1),
(305, 'The Years of Growth (1882-1915', 139, '', 'Anglais', 1),
(306, 'Ulysses 50 ans après', 139, '', 'Anglais', 1),
(307, 'Ulysses An anatomy of the Tool', 139, '', 'Anglais', 1),
(308, 'Ulysses Annotated', 139, '', 'Anglais', 1),
(309, 'Ulysses on the Liffey', 139, '', 'Anglais', 1),
(310, 'Ulysses The Corrected Text', 139, '', 'Anglais', 1),
(311, 'Ulysses The larger Perspective', 139, '', 'Anglais', 1),
(312, 'Dubliners', 140, '', 'Anglais', 4),
(313, 'Last frontier', 141, '', 'Anglais', 1),
(314, 'Love Medicine', 142, '', 'Anglais', 1),
(315, 'Solomon my son', 143, '', 'Anglais', 1),
(316, 'Middlessex', 144, '', 'Anglais', 1),
(317, 'Three to get deadly', 145, '', 'Anglais', 1),
(318, 'Two for the Dough', 145, '', 'Anglais', 1),
(319, 'The loop', 146, '', 'Anglais', 1),
(320, '3 short novels (the spotted horses- ', 147, '', 'Anglais', 1),
(321, 'Sanctuary', 147, '', 'Anglais', 1),
(322, 'The Hamlet', 147, '', 'Anglais', 1),
(323, 'the old man -the bear)', 147, '', 'Anglais', 1),
(324, 'The wild palms', 147, '', 'Anglais', 1),
(325, '3 critical studies', 148, '', 'Anglais', 1),
(326, 'Absalom, Absalom, Absalom', 148, '', 'Anglais', 1),
(327, 'As I lay Dying', 148, '', 'Anglais', 2),
(328, 'Light in August', 148, '', 'Anglais', 2),
(329, 'Requiem for a nun', 148, '', 'Anglais', 3),
(330, 'Soldier''s pay', 148, '', 'Anglais', 1),
(331, 'The sound and the fury', 148, '', 'Anglais', 2),
(332, 'A fool''s alphabet', 149, '', 'Anglais', 1),
(333, 'Charlotte Gray', 149, '', 'Anglais', 1),
(334, 'Engleby', 149, '', 'Anglais', 1),
(335, 'Critical essay', 150, '', 'Anglais', 1),
(336, 'Jonathan Wild', 150, '', 'Anglais', 1),
(337, 'Joseph Andrews', 150, '', 'Anglais', 1),
(338, 'Joseph Andrews - Shamela', 150, '', 'Anglais', 1),
(339, 'Mark a study', 150, '', 'Anglais', 1),
(340, 'Tom Jones (+critical edition)', 150, '', 'Anglais', 2),
(341, 'In cold domain', 151, '', 'Anglais', 1),
(342, 'A study on Gastby and Tender ', 152, '', 'Anglais', 1),
(343, 'in the night', 152, '', 'Anglais', 1),
(344, 'Tender is the night', 152, '', 'Anglais', 1),
(345, 'The Crack - up', 152, '', 'Anglais', 1),
(346, 'The blue flower', 153, '', 'Anglais', 1),
(347, 'The man from St Petersburg', 154, '', 'Anglais', 1),
(348, 'Selected plays (with Webster)', 155, '', 'Anglais', 1),
(349, 'The broken Heart', 155, '', 'Anglais', 1),
(350, 'Tis pity she''s a whore', 155, '', 'Anglais', 1),
(351, 'Lily', 156, '', 'Anglais', 1),
(352, 'Lime street at 2', 157, '', 'Anglais', 1),
(353, 'A room with a view', 158, '', 'Anglais', 1),
(354, 'Aspects of the novel', 158, '', 'Anglais', 1),
(355, 'Howard''s end', 158, '', 'Anglais', 1),
(356, 'The life to come and other stories', 158, '', 'Anglais', 1),
(357, 'Hidden Lives', 159, '', 'Anglais', 1),
(358, 'The 1st violin', 160, '', 'Anglais', 1),
(359, 'A maggot', 161, '', 'Anglais', 1),
(360, 'The collector', 161, '', 'Anglais', 1),
(361, 'The Ebony tower', 161, '', 'Anglais', 3),
(362, 'The fiction of John Fowles', 161, '', 'Anglais', 1),
(363, 'The French Lieutenant''s woman', 161, '', 'Anglais', 1),
(364, 'The Magus', 161, '', 'Anglais', 1),
(365, 'Watching the English', 162, '', 'Anglais', 1),
(366, 'The golden bough', 163, '', 'Anglais', 1),
(367, 'The memory game', 164, '', 'Anglais', 1),
(368, 'The bleeding Heart', 165, '', 'Anglais', 1),
(369, 'Poems', 166, '', 'Anglais', 1),
(370, 'All I really need to know ', 167, '', 'Anglais', 1),
(371, 'I learned in Kindergarten', 167, '', 'Anglais', 1),
(372, 'The big red one', 168, '', 'Anglais', 1),
(373, 'Notes from an exhibition', 169, '', 'Anglais', 1),
(374, 'In chancery', 170, '', 'Anglais', 1),
(375, 'The man of property', 170, '', 'Anglais', 1),
(376, 'To let', 170, '', 'Anglais', 1),
(377, 'One Man’s Bible', 171, '', 'Anglais', 1),
(378, 'In the heart of the heart of the country', 172, '', 'Anglais', 1),
(379, 'Collected Poems', 173, '', 'Anglais', 1),
(380, 'Cranford', 174, '', 'Anglais', 2),
(381, 'Mary Barton', 174, '', 'Anglais', 2),
(382, 'North and South', 174, '', 'Anglais', 1),
(383, 'Beggar''s opera (+ critical edition)', 175, '', 'Anglais', 2),
(384, 'Cold comfort farm', 176, '', 'Anglais', 1),
(385, 'City of the horizon', 177, '', 'Anglais', 1),
(386, 'the death of a Joyce Scholar', 178, '', 'Anglais', 1),
(387, 'New Grub Street', 179, '', 'Anglais', 2),
(388, 'Caleb Williams', 180, '', 'Anglais', 1),
(389, 'Intimations', 181, '', 'Anglais', 1),
(390, 'Lord the flies', 182, '', 'Anglais', 2),
(391, 'Paper men ', 182, '', 'Anglais', 1),
(392, 'Rites of passage', 182, '', 'Anglais', 1),
(393, 'The double tongue', 182, '', 'Anglais', 1),
(394, 'the Spire', 182, '', 'Anglais', 1),
(395, 'The vicar of Wakefield', 183, '', 'Anglais', 1),
(396, 'A sport of nature', 184, '', 'Anglais', 1),
(397, 'Doctor in the house', 185, '', 'Anglais', 1),
(398, 'Doctor on the brain', 185, '', 'Anglais', 1),
(399, 'Doctor on toast', 185, '', 'Anglais', 1),
(400, 'The lawless roads', 185, '', 'Anglais', 1),
(401, 'A city of bells', 186, '', 'Anglais', 1),
(402, 'The white witch', 186, '', 'Anglais', 1),
(403, 'Book', 187, '', 'Anglais', 1),
(404, 'The wind in the willows', 187, '', 'Anglais', 1),
(405, 'The walking stick', 188, '', 'Anglais', 1),
(406, 'Goodbye to all that', 189, '', 'Anglais', 1),
(407, 'Ten tales Tall and True', 190, '', 'Anglais', 1),
(408, 'Twenty-one stories', 191, '', 'Anglais', 1),
(409, 'I never promised you a rose garden', 192, '', 'Anglais', 1),
(410, 'Betty Zane', 193, '', 'Anglais', 1),
(411, 'Blessing in disguise', 194, '', 'Anglais', 1),
(412, 'We of the never-never + The Little Black Princess', 195, '', 'Anglais', 1),
(413, 'In high places', 196, '', 'Anglais', 1),
(414, 'The financial diagnosis', 196, '', 'Anglais', 1),
(415, 'Four great novels', 197, '', 'Anglais', 1),
(416, 'The Op', 197, '', 'Anglais', 1),
(417, 'Far from the Madding Crows', 198, '', 'Anglais', 2),
(418, 'Jude the obscure', 198, '', 'Anglais', 1),
(419, 'Tess', 198, '', 'Anglais', 2),
(420, 'The return of the native', 198, '', 'Anglais', 1),
(421, 'Under the Greenwood tree', 198, '', 'Anglais', 1),
(422, 'Stories', 199, '', 'Anglais', 1),
(423, 'Second skin', 200, '', 'Anglais', 1),
(424, 'A wa book', 201, '', 'Anglais', 1),
(425, 'Scarlet letter', 201, '', 'Anglais', 2),
(426, 'Scarlet letter + selected', 201, '', 'Anglais', 1),
(427, 'Sketches + selected', 201, '', 'Anglais', 1),
(428, 'The Blithedale Romance', 201, '', 'Anglais', 1),
(429, 'The house of the seven gables ', 201, '', 'Anglais', 1),
(430, 'Twice-told tales', 201, '', 'Anglais', 1),
(431, 'Lecture on the English comic writer', 202, '', 'Anglais', 1),
(432, 'Poems', 203, '', 'Anglais', 3),
(433, 'Selected Poems', 203, '', 'Anglais', 1),
(434, 'Catch 22', 204, '', 'Anglais', 1),
(435, 'Fiesta', 205, '', 'Anglais', 2),
(436, 'The Fifth Column', 205, '', 'Anglais', 1),
(437, 'Childhood youth and Emile', 206, '', 'Anglais', 1),
(438, 'Beastly thunder', 207, '', 'Anglais', 1),
(439, 'Deep water', 207, '', 'Anglais', 2),
(440, 'Ripley under ground', 207, '', 'Anglais', 1),
(441, 'Ripley ''s game', 207, '', 'Anglais', 2),
(442, 'Slowly, slowly in the wind', 207, '', 'Anglais', 1),
(443, 'The boy who followed Ripley', 207, '', 'Anglais', 1),
(444, 'the leg of the owl', 207, '', 'Anglais', 1),
(445, 'Those who walk away', 207, '', 'Anglais', 1),
(446, 'Cotton comes to Harlem', 208, '', 'Anglais', 1),
(447, 'Miss Smilla''s feeling for snow', 209, '', 'Anglais', 1),
(448, 'Lost in translation', 210, '', 'Anglais', 1),
(449, 'The private memoirs and confessions of a justified sinner', 211, '', 'Anglais', 1),
(450, 'The Vampyre (the story of Byron)', 212, '', 'Anglais', 1),
(451, 'The swimming pool library', 213, '', 'Anglais', 1),
(452, '2 critical studies', 214, '', 'Anglais', 1),
(453, 'Selected prose', 214, '', 'Anglais', 1),
(454, 'The poems ', 214, '', 'Anglais', 1),
(455, 'A Shropshire lad', 215, '', 'Anglais', 1),
(456, 'A dream of red Mansion', 216, '', 'Anglais', 3),
(457, 'A high wind in Jamaica', 217, '', 'Anglais', 1),
(458, 'Selected Poems', 218, '', 'Anglais', 1),
(459, 'A treatise of human nature', 219, '', 'Anglais', 1),
(460, 'Less is more', 220, '', 'Anglais', 1),
(461, 'Brave New World', 221, '', 'Anglais', 1),
(462, 'The olive tree', 221, '', 'Anglais', 1),
(463, 'Christmas at ', 222, '', 'Anglais', 1),
(464, '158-pound marriage', 223, '', 'Anglais', 1),
(465, 'A prayer for Owen Meany', 223, '', 'Anglais', 1),
(466, 'The cider house rules', 223, '', 'Anglais', 1),
(467, 'Goodbye to Berlin', 224, '', 'Anglais', 1),
(468, 'An artist of the floating world', 225, '', 'Anglais', 1),
(469, 'The remains of the day', 225, '', 'Anglais', 1),
(470, 'Ghost Stories', 226, '', 'Anglais', 1),
(471, 'Guy Damville', 226, '', 'Anglais', 1),
(472, 'Portrait of a Lady', 226, '', 'Anglais', 2),
(473, 'Rodwick Hodlor', 226, '', 'Anglais', 1),
(474, 'Selected Short Stories', 226, '', 'Anglais', 1),
(475, 'The Ambassadors', 226, '', 'Anglais', 1),
(476, 'The Aspen Papers', 226, '', 'Anglais', 1),
(477, 'The Awkward Age', 226, '', 'Anglais', 1),
(478, 'The Bostonians', 226, '', 'Anglais', 2),
(479, 'The Europeans', 226, '', 'Anglais', 2),
(480, 'The Princess Lajamina', 226, '', 'Anglais', 1),
(481, 'The Turn of the Screw', 226, '', 'Anglais', 1),
(482, 'Washington Square', 226, '', 'Anglais', 1),
(483, 'What Mairy knew', 226, '', 'Anglais', 1),
(484, 'Wings of the Dove', 226, '', 'Anglais', 1),
(485, 'Ghost Stories', 227, '', 'Anglais', 1),
(486, 'Guy Damville', 227, '', 'Anglais', 1),
(487, 'Portrait of a Lady', 227, '', 'Anglais', 2),
(488, 'Rodwick Hodlor', 227, '', 'Anglais', 1),
(489, 'Selected Short Stories', 227, '', 'Anglais', 1),
(490, 'The Ambassadors', 227, '', 'Anglais', 1),
(491, 'The Aspen Papers', 227, '', 'Anglais', 1),
(492, 'The Awkward Age', 227, '', 'Anglais', 1),
(493, 'The Bostonians', 227, '', 'Anglais', 2),
(494, 'The Europeans', 227, '', 'Anglais', 2),
(495, 'The Princess Lajamina', 227, '', 'Anglais', 1),
(496, 'The Turn of the Screw', 227, '', 'Anglais', 1),
(497, 'Washington Square', 227, '', 'Anglais', 1),
(498, 'What Mairy knew', 227, '', 'Anglais', 1),
(499, 'Wings of the Dove', 227, '', 'Anglais', 1),
(500, 'Ghost stories', 228, '', 'Anglais', 1),
(501, 'Restoration plays : Dryden, Congreve…', 228, '', 'Anglais', 1),
(502, 'A certain Justice', 229, '', 'Anglais', 2),
(503, 'A Mind to Murder', 229, '', 'Anglais', 1),
(504, 'An unsuitable Job for a Woman', 229, '', 'Anglais', 1),
(505, 'Death of an Expert Witness', 229, '', 'Anglais', 1),
(506, 'Innocent Blood', 229, '', 'Anglais', 1),
(507, 'Original Sin', 229, '', 'Anglais', 1),
(508, 'Shroud for a Nightingale', 229, '', 'Anglais', 1),
(509, 'The Black Tower', 229, '', 'Anglais', 1),
(510, 'The Skull beneath the Skin', 229, '', 'Anglais', 1),
(511, 'Three Men in a Boat', 230, '', 'Anglais', 1),
(512, 'The Alchemist + 2 criticisms + a study', 231, '', 'Anglais', 2),
(513, 'The Cavalier Poets', 231, '', 'Anglais', 1),
(514, 'The History of Ranclar,Prince of Abinia', 232, '', 'Anglais', 1),
(515, 'Exiles', 233, '', 'Anglais', 1),
(516, 'Finnegan''s Wake', 233, '', 'Anglais', 3),
(517, 'Giacomo Joyce', 233, '', 'Anglais', 1),
(518, 'Poems and shorter writings', 233, '', 'Anglais', 1),
(519, 'Selected Joyce Letters', 233, '', 'Anglais', 1),
(520, 'Stephen Hero', 233, '', 'Anglais', 2),
(521, 'Ulysses (English)', 233, '', 'Anglais', 1),
(522, 'Ulysses (French)', 233, '', 'Anglais', 2),
(523, 'My brother''s Keeper', 234, '', 'Anglais', 1),
(524, 'Geneses et Métamorphoses du Texte Joycien', 235, '', 'Anglais', 1),
(525, 'Joyce and the Art of Mediation', 235, '', 'Anglais', 1),
(526, 'Joyce''s Cities Archeology of the Tool.', 235, '', 'Anglais', 1),
(527, 'Les années de formation de Joyce à Dublin', 235, '', 'Anglais', 1),
(528, 'Mythic Worlds and Modern Worlds:on the Art of Joyce', 235, '', 'Anglais', 1),
(529, 'The Artist and the Labyirinth', 235, '', 'Anglais', 1),
(530, 'The Cambridge Companion', 235, '', 'Anglais', 1),
(531, 'The Centennial Symposium', 235, '', 'Anglais', 1),
(532, 'Up the Down Staircase', 236, '', 'Anglais', 1),
(533, 'The Far Pavillions', 237, '', 'Anglais', 1),
(534, 'Letters', 238, '', 'Anglais', 1),
(535, 'Poems', 238, '', 'Anglais', 1),
(536, 'Lake Wobegon Day', 239, '', 'Anglais', 1),
(537, 'How Late it was, how Late', 240, '', 'Anglais', 1),
(538, 'Shakespeare''s language', 241, '', 'Anglais', 1),
(539, 'Captain Courageous', 242, '', 'Anglais', 1),
(540, 'If', 242, '', 'Anglais', 1),
(541, 'Many Inventions', 242, '', 'Anglais', 1),
(542, 'Short Stories vols 1-2', 242, '', 'Anglais', 2),
(543, 'The Light that Fail', 242, '', 'Anglais', 1),
(544, 'The Man Would be King + stories', 242, '', 'Anglais', 1),
(545, 'The Second Jungle Book', 242, '', 'Anglais', 1),
(546, 'Captain Courageous', 243, '', 'Anglais', 1),
(547, 'March Violets', 244, '', 'Anglais', 1),
(548, 'On the Road', 244, '', 'Anglais', 2),
(549, 'The day the Rabbi Resigned', 244, '', 'Anglais', 1),
(550, 'The Unbearable Lightness of Being', 244, '', 'Anglais', 1),
(551, 'Tales from Shakespeare', 245, '', 'Anglais', 1),
(552, 'Shakespeare''s tragedies: an Anthology of Modern criticism', 246, '', 'Anglais', 1),
(553, 'The question of Hamlet', 247, '', 'Anglais', 1),
(554, 'The secret of Shakespeare', 248, '', 'Anglais', 1),
(555, 'Noro, a Biography', 249, '', 'Anglais', 1),
(556, 'Le Proche et le Lointain', 250, '', 'Anglais', 1),
(557, 'Shakespeare', 251, '', 'Anglais', 1),
(558, 'Ada', 252, '', 'Anglais', 1),
(559, 'Lectures on Literature', 252, '', 'Anglais', 1),
(560, 'Lolita', 252, '', 'Anglais', 1),
(561, 'Transparent Things', 252, '', 'Anglais', 1),
(562, 'A Bend in the River', 253, '', 'Anglais', 1),
(563, 'A House for Mr. Biswas', 253, '', 'Anglais', 1),
(564, 'Self', 254, '', 'Anglais', 1),
(565, 'Lempriere’s Dictionary', 255, '', 'Anglais', 1),
(566, 'The Pope’s Rhinoceros', 255, '', 'Anglais', 1),
(567, 'Mc Teague', 256, '', 'Anglais', 1),
(568, 'Gorboduc', 257, '', 'Anglais', 1),
(569, 'Joyce', 258, '', 'Anglais', 1),
(570, 'Stories', 259, '', 'Anglais', 1),
(571, 'A Pagan Place', 260, '', 'Anglais', 1),
(572, 'A Scandalous Woman', 260, '', 'Anglais', 1),
(573, 'August is a Wicked Month', 260, '', 'Anglais', 1),
(574, 'Casualties of Peace', 260, '', 'Anglais', 1),
(575, 'Mother Ireland', 260, '', 'Anglais', 1),
(576, 'Mrs Reinhardt and Other Stories', 260, '', 'Anglais', 1),
(577, 'Night', 260, '', 'Anglais', 1),
(578, 'The Love Object', 260, '', 'Anglais', 1),
(579, 'Zee & Coe', 260, '', 'Anglais', 1),
(580, 'Desolation Island', 261, '', 'Anglais', 1),
(581, 'The Poor Mouth', 262, '', 'Anglais', 1),
(582, 'Juno and three plays', 263, '', 'Anglais', 1),
(583, 'Three Knocks at the Door', 263, '', 'Anglais', 1),
(584, 'An Only Child & My Father’s Son', 264, '', 'Anglais', 1),
(585, 'Masculine Protest & Stories', 264, '', 'Anglais', 1),
(586, 'My Oedipus Complex and Other Stories', 264, '', 'Anglais', 2),
(587, 'Foreign Affairs and Other Stories', 265, '', 'Anglais', 1),
(588, 'Stories', 265, '', 'Anglais', 1),
(589, 'Diaries', 266, '', 'Anglais', 1),
(590, 'Entertaining Mr. Sloane', 266, '', 'Anglais', 1),
(591, 'Loot', 266, '', 'Anglais', 1),
(592, '1985', 267, '', 'Anglais', 1),
(593, 'Inside the Whale', 267, '', 'Anglais', 1),
(594, 'Look Back in Anger', 268, '', 'Anglais', 1),
(595, 'Sonietchka', 269, '', 'Anglais', 1),
(596, 'Hamlet et Panurge', 270, '', 'Anglais', 1),
(597, 'Joyce', 271, '', 'Anglais', 1),
(598, 'Entretiens avec Joyce', 272, '', 'Anglais', 1),
(599, '20th Century Views', 273, '', 'Anglais', 1),
(600, 'A Colder Eye The Modern British Writer', 273, '', 'Anglais', 1),
(601, 'A Femminist Reading', 273, '', 'Anglais', 1),
(602, 'Joyce', 273, '', 'Anglais', 1),
(603, 'Joyce and the Language of History', 273, '', 'Anglais', 1),
(604, 'Joyce''s Catholic Comedy of Language', 273, '', 'Anglais', 1),
(605, 'Joyce''s Voices', 273, '', 'Anglais', 1),
(606, 'Les Héros de James Joyce', 273, '', 'Anglais', 1),
(607, 'New Perspectives', 273, '', 'Anglais', 1),
(608, 'The Mysteries of Udolpho', 274, '', 'Anglais', 1),
(609, 'A Question of Blood', 275, '', 'Anglais', 1),
(610, 'Black and Blue', 275, '', 'Anglais', 1),
(611, 'Bleeding hearts', 275, '', 'Anglais', 1),
(612, 'Exit Music', 275, '', 'Anglais', 1),
(613, 'Fleshmarket Close', 275, '', 'Anglais', 1),
(614, 'Restoration plays : Dryden, Congreve…', 275, '', 'Anglais', 1),
(615, 'The Naming of the Dead', 275, '', 'Anglais', 1),
(616, 'Sleep It Off Lady', 276, '', 'Anglais', 1),
(617, 'The Fact of a Doorframe ', 277, '', 'Anglais', 1),
(618, 'The Former Miss Merthyr Tydfil and Other Stories ', 278, '', 'Anglais', 1),
(619, 'Clarissa volume 4', 279, '', 'Anglais', 1),
(620, 'Critical studies', 279, '', 'Anglais', 1),
(621, 'Pamela, volume 2 / volumes 1 and 2', 279, '', 'Anglais', 1),
(622, 'Alan Grant', 280, '', 'Anglais', 1),
(623, 'Four Frightened people', 281, '', 'Anglais', 1),
(624, 'Call it sleep', 282, '', 'Anglais', 1),
(625, 'American Pastoral', 283, '', 'Anglais', 1),
(626, 'Goodbye, Columbus', 283, '', 'Anglais', 1),
(627, 'Letting Go', 283, '', 'Anglais', 1),
(628, 'My Life As a Man', 283, '', 'Anglais', 1),
(629, 'Operation Shylock: A Confession', 283, '', 'Anglais', 1),
(630, 'Our gang', 283, '', 'Anglais', 1),
(631, 'The Great American Novel', 283, '', 'Anglais', 1),
(632, 'The Human Stain', 283, '', 'Anglais', 1),
(633, 'When She Was Good', 283, '', 'Anglais', 1),
(634, 'The God of Small Things', 284, '', 'Anglais', 1),
(635, 'John Citizen and the Law', 285, '', 'Anglais', 1),
(636, 'On Our selection', 286, '', 'Anglais', 1),
(637, 'Midnight children', 287, '', 'Anglais', 1),
(638, 'The Moor''s Last Sigh', 287, '', 'Anglais', 1),
(639, 'The Edwardians', 288, '', 'Anglais', 1),
(640, 'The best of Saki', 289, '', 'Anglais', 1),
(641, 'For Esmé, with love and squalor', 290, '', 'Anglais', 1),
(642, 'Raise high the roof beam, Carpenter and Seymour', 290, '', 'Anglais', 1),
(643, 'Rabbit boss', 291, '', 'Anglais', 1),
(644, 'Little children', 292, '', 'Anglais', 1),
(645, 'My name is Aram', 292, '', 'Anglais', 1),
(646, 'Memoirs of a Fox-Hunting Man', 293, '', 'Anglais', 1),
(647, 'Poems', 293, '', 'Anglais', 1),
(648, 'An Old Woman''s Reflections', 294, '', 'Anglais', 1),
(649, 'What makes Sammy run', 295, '', 'Anglais', 1),
(650, 'the jewell in the crown', 296, '', 'Anglais', 1),
(651, 'Old mortality', 297, '', 'Anglais', 1),
(652, 'The Heart of Midlothian', 297, '', 'Anglais', 1),
(653, 'The Making of the Novelist', 297, '', 'Anglais', 1),
(654, 'The Talisman + study', 297, '', 'Anglais', 1),
(655, 'Waverley', 297, '', 'Anglais', 1),
(656, 'Love story', 298, '', 'Anglais', 1),
(657, 'Man, woman and child', 298, '', 'Anglais', 1),
(658, 'Cock and Bull', 299, '', 'Anglais', 1),
(659, 'Grey area', 299, '', 'Anglais', 1),
(660, '1066 and All that', 300, '', 'Anglais', 1),
(661, 'Seven red Sundays', 301, '', 'Anglais', 1),
(662, 'A suitable boy', 302, '', 'Anglais', 2),
(663, 'Two lives', 302, '', 'Anglais', 1),
(664, 'Sex and the social order', 303, '', 'Anglais', 1),
(665, 'Amadeus', 304, '', 'Anglais', 1),
(666, 'A Midsummer Night''s Dream', 305, '', 'Anglais', 1),
(667, 'Anthony and Cleopatra', 305, '', 'Anglais', 1),
(668, 'Coriolanus', 305, '', 'Anglais', 1),
(669, 'King Lear', 305, '', 'Anglais', 1),
(670, 'Macbeth', 305, '', 'Anglais', 1),
(671, 'Much ado about nothing', 305, '', 'Anglais', 1),
(672, 'Richard II', 305, '', 'Anglais', 1),
(673, 'Romeo and Juliet', 305, '', 'Anglais', 1),
(674, 'Sonnets', 305, '', 'Anglais', 1),
(675, 'The Merchant of Venice', 305, '', 'Anglais', 1),
(676, 'Queer Street 1', 306, '', 'Anglais', 1),
(677, 'Queer Street 2', 306, '', 'Anglais', 1),
(678, 'Ancestral vices', 307, '', 'Anglais', 1),
(679, 'Grantchester Grind', 307, '', 'Anglais', 1),
(680, 'Porterhouse Blue', 307, '', 'Anglais', 1),
(681, 'The Great pursuit ', 307, '', 'Anglais', 1),
(682, 'The Doctor''s Dilemma', 308, '', 'Anglais', 1),
(683, 'Frankestein', 309, '', 'Anglais', 1),
(684, '… studies', 310, '', 'Anglais', 1),
(685, 'Poetry and Prose', 310, '', 'Anglais', 1),
(686, 'Prometheus Unbound', 310, '', 'Anglais', 1),
(687, 'The Castle of Otranto', 311, '', 'Anglais', 1),
(688, 'Vathek', 311, '', 'Anglais', 1),
(689, 'A lie of the mind', 312, '', 'Anglais', 1),
(690, 'Le Critique', 313, '', 'Anglais', 1),
(691, 'The Stone Diaries', 314, '', 'Anglais', 1),
(692, 'A town like Alice', 315, '', 'Anglais', 1),
(693, 'The Countess of Pembroke''s Arcadia', 316, '', 'Anglais', 1),
(694, 'A Tree On Fire', 317, '', 'Anglais', 1),
(695, 'Men, women and children', 317, '', 'Anglais', 1),
(696, 'Saturday Night and Sunday Morning', 317, '', 'Anglais', 1),
(697, 'The Loneliness Of The Long-Distance Runner', 317, '', 'Anglais', 1),
(698, 'Poems', 318, '', 'Anglais', 1),
(699, 'White teeth', 319, '', 'Anglais', 1),
(700, 'Poems', 320, '', 'Anglais', 1),
(701, 'A study', 321, '', 'Anglais', 1),
(702, 'Humphry Clinker', 321, '', 'Anglais', 3),
(703, 'Roderick Random', 321, '', 'Anglais', 1),
(704, 'Corridors of power', 322, '', 'Anglais', 2),
(705, 'Souvenirs de Joyce', 323, '', 'Anglais', 1),
(706, 'The magic christian', 324, '', 'Anglais', 1),
(707, 'Plays ', 325, '', 'Anglais', 1),
(708, 'A far cry from Kensington', 326, '', 'Anglais', 1),
(709, 'Robinson', 326, '', 'Anglais', 1),
(710, 'Short stories', 326, '', 'Anglais', 1),
(711, 'Symposium', 326, '', 'Anglais', 1),
(712, 'Territorial rights', 326, '', 'Anglais', 1),
(713, 'The abess of Crewe', 326, '', 'Anglais', 1),
(714, 'The ballad of Peckham Rye', 326, '', 'Anglais', 1),
(715, 'The comforters', 326, '', 'Anglais', 1),
(716, 'The driver''s seat', 326, '', 'Anglais', 1),
(717, 'The go-away bird and other stories', 326, '', 'Anglais', 1),
(718, 'The prime of Miss Jean Brodie', 326, '', 'Anglais', 1),
(719, 'The 30s and after', 327, '', 'Anglais', 1),
(720, 'Maus', 328, '', 'Anglais', 1),
(721, 'His life and cases', 329, '', 'Anglais', 1),
(722, 'Fernhurst', 330, '', 'Anglais', 1),
(723, 'other ? Writing', 330, '', 'Anglais', 1),
(724, 'Q.E.D.', 330, '', 'Anglais', 1),
(725, 'A study', 331, '', 'Anglais', 1),
(726, 'Of mice and men + Cannery Row', 331, '', 'Anglais', 2),
(727, 'The wayward bus', 331, '', 'Anglais', 2),
(728, 'Tortilla flat', 331, '', 'Anglais', 1),
(729, 'Travels with Charly', 331, '', 'Anglais', 1),
(730, 'A reader', 332, '', 'Anglais', 1),
(731, 'Antigones', 332, '', 'Anglais', 1),
(732, 'Errata', 332, '', 'Anglais', 1),
(733, 'In Bluebeard''s castle', 332, '', 'Anglais', 1),
(734, 'Language and silence', 332, '', 'Anglais', 1),
(735, 'Le sens du sens', 332, '', 'Anglais', 1),
(736, 'Lessons of the masters', 332, '', 'Anglais', 1),
(737, 'My unwritten books', 332, '', 'Anglais', 1),
(738, 'No paasion spent', 332, '', 'Anglais', 1),
(739, 'On difficulty and other essays', 332, '', 'Anglais', 1),
(740, 'Proofs and 3 parables', 332, '', 'Anglais', 1),
(741, 'Reading G. Steiner', 332, '', 'Anglais', 1),
(742, 'Real presences', 332, '', 'Anglais', 1),
(743, 'The death of the tragedy', 332, '', 'Anglais', 1),
(744, 'The deeps of the sea and other fiction', 332, '', 'Anglais', 1),
(745, 'The portage to San Cristobal of A H', 332, '', 'Anglais', 1),
(746, 'Tolstoy or Dostoevsky', 332, '', 'Anglais', 2),
(747, 'What is comparative literature', 332, '', 'Anglais', 1),
(748, 'The Evil of the day', 333, '', 'Anglais', 1),
(749, 'Sentimental Journey', 334, '', 'Anglais', 1),
(750, 'The Life and Opinions of Tristram Shandy ', 334, '', 'Anglais', 1),
(751, 'Selected poems', 335, '', 'Anglais', 1),
(752, 'Dr Jekyll & Mr Hyde', 336, '', 'Anglais', 1),
(753, 'Essays and poems', 336, '', 'Anglais', 1),
(754, 'Kidnapped', 336, '', 'Anglais', 1),
(755, 'The Ebb-Tide', 336, '', 'Anglais', 1),
(756, 'The Master of Ballantrae', 336, '', 'Anglais', 1),
(757, 'Travels with a donkey in the Cévennes', 336, '', 'Anglais', 1),
(758, 'Dracula', 337, '', 'Anglais', 1),
(759, 'Every Good Boy Deserves Favour', 338, '', 'Anglais', 1),
(760, 'Professional Foul', 338, '', 'Anglais', 1),
(761, 'Rosencrantz and Guildenstern Are Dead', 338, '', 'Anglais', 1),
(762, 'The invention of love', 338, '', 'Anglais', 1),
(763, 'Travesties', 338, '', 'Anglais', 1),
(764, 'This sporting life', 339, '', 'Anglais', 1),
(765, 'Eminent Victorians', 340, '', 'Anglais', 1),
(766, 'La Reine Victoria', 340, '', 'Anglais', 1),
(767, 'The Red room', 341, '', 'Anglais', 1),
(768, 'Sophie''s choice', 342, '', 'Anglais', 1),
(769, 'The Long march', 342, '', 'Anglais', 1),
(770, 'Perfume', 343, '', 'Anglais', 1),
(771, 'Last orders ', 344, '', 'Anglais', 1),
(772, 'Out of this world', 344, '', 'Anglais', 1),
(773, 'Shuttlecocks', 344, '', 'Anglais', 1),
(774, 'The sweet shop owner', 344, '', 'Anglais', 1),
(775, 'Waterland', 344, '', 'Anglais', 1),
(776, 'Gulliver''s travels', 344, '', 'Anglais', 4),
(777, 'Poems', 345, '', 'Anglais', 1),
(778, 'Nocturne', 346, '', 'Anglais', 1),
(779, 'Playboy of the western world', 347, '', 'Anglais', 1),
(780, 'Plays Prose Poems', 347, '', 'Anglais', 1),
(781, 'Mortal mischief', 348, '', 'Anglais', 1),
(782, 'A wreath of roses', 349, '', 'Anglais', 1),
(783, 'Blaming', 349, '', 'Anglais', 1),
(784, 'Hester Lilly', 349, '', 'Anglais', 1),
(785, 'Palladian', 349, '', 'Anglais', 1),
(786, 'The blush', 349, '', 'Anglais', 1),
(787, 'The sleeping beauty', 349, '', 'Anglais', 1),
(788, 'The wedding group', 349, '', 'Anglais', 1),
(789, 'In memoriam', 350, '', 'Anglais', 1),
(790, 'Selected poems', 350, '', 'Anglais', 1),
(791, 'Les formes de la création romanesque à l''époque de Walter Scott et de Jane Austen 1814-1820', 351, '', 'Anglais', 1),
(792, 'Barry Lyndon', 352, '', 'Anglais', 1),
(793, 'English humourists + the 4 Georges', 352, '', 'Anglais', 1),
(794, 'Pendennis', 352, '', 'Anglais', 1),
(795, 'The history of the new ?', 352, '', 'Anglais', 1),
(796, 'The Virginians', 352, '', 'Anglais', 1),
(797, 'Vanity fair', 352, '', 'Anglais', 3),
(798, 'Half moon street', 353, '', 'Anglais', 1),
(799, 'Kowloon Tong', 353, '', 'Anglais', 1),
(800, 'The black house', 353, '', 'Anglais', 1),
(801, 'The great railway bazaar', 353, '', 'Anglais', 1),
(802, 'The mosquito coast', 353, '', 'Anglais', 1),
(803, 'Playing with cobras', 354, '', 'Anglais', 1),
(804, 'The white hotel', 355, '', 'Anglais', 1),
(805, 'A prospect of the sea', 356, '', 'Anglais', 1),
(806, 'Portrait of the artist as a young dog', 356, '', 'Anglais', 1),
(807, 'Under milkwood', 356, '', 'Anglais', 1),
(808, 'The por choppers', 357, '', 'Anglais', 1),
(809, 'The 5 gates to hell', 358, '', 'Anglais', 1),
(810, 'An Indian day', 359, '', 'Anglais', 1),
(811, '2 critical studies', 360, '', 'Anglais', 1),
(812, 'Walden', 360, '', 'Anglais', 3),
(813, 'Among the Russians', 361, '', 'Anglais', 1),
(814, 'The story of the night', 362, '', 'Anglais', 1),
(815, 'Smith of Wooton major and Farmer Giles of Ham', 363, '', 'Anglais', 1),
(816, 'Anna Karenina', 364, '', 'Anglais', 2),
(817, 'A confederacy of dunces', 365, '', 'Anglais', 1),
(818, 'Cane', 366, '', 'Anglais', 1),
(819, 'The queen and I', 367, '', 'Anglais', 1),
(820, 'Ireland', 368, '', 'Anglais', 1),
(821, 'Barchester towers', 369, '', 'Anglais', 3),
(822, 'Doctor Thorne', 369, '', 'Anglais', 1),
(823, 'Framley parsonage', 369, '', 'Anglais', 1),
(824, 'The book of snobs', 369, '', 'Anglais', 1),
(825, 'The last chronicle of Barset', 369, '', 'Anglais', 2),
(826, 'The warden', 369, '', 'Anglais', 3),
(827, 'Huckleberry Finn', 370, '', 'Anglais', 1),
(828, 'Les Etats-Unis de Mark Twain', 370, '', 'Anglais', 1),
(829, 'Pudd''nhead Wilson', 370, '', 'Anglais', 1),
(830, 'Tom Sawyer', 370, '', 'Anglais', 1),
(831, 'Internal affairs', 371, '', 'Anglais', 1),
(832, 'Couples', 372, '', 'Anglais', 1),
(833, 'Of the farm', 372, '', 'Anglais', 1),
(834, 'Rabbit, run', 372, '', 'Anglais', 1),
(835, 'The centaur', 372, '', 'Anglais', 2),
(836, 'The frontiers of the sea', 373, '', 'Anglais', 1),
(837, 'The Chinese gold murders', 374, '', 'Anglais', 1),
(838, 'Restoration plays Dryden, Wycherley, Vanburgh, Congreve', 375, '', 'Anglais', 1),
(839, 'The provoked wife', 375, '', 'Anglais', 3),
(840, 'The kama sutra', 376, '', 'Anglais', 1),
(841, 'Poems', 377, '', 'Anglais', 1),
(842, 'Miss Garnett''s angels', 378, '', 'Anglais', 1),
(843, 'Myra Breckinridge', 379, '', 'Anglais', 1),
(844, 'Myron', 379, '', 'Anglais', 1),
(845, 'A fatal inversion', 380, '', 'Anglais', 1),
(846, 'Asta''s book', 380, '', 'Anglais', 1),
(847, 'No night is too long', 380, '', 'Anglais', 1),
(848, 'The aeneid', 381, '', 'Anglais', 1),
(849, 'Hurry on down', 382, '', 'Anglais', 1),
(850, 'Meridian', 383, '', 'Anglais', 1),
(851, 'Ben Hur', 384, '', 'Anglais', 1),
(852, 'Border Music', 385, '', 'Anglais', 1),
(853, 'The Castle of Otranto', 386, '', 'Anglais', 1),
(854, 'Mr Perrin and Mr Traill', 387, '', 'Anglais', 1),
(855, 'A handful of dust', 388, '', 'Anglais', 1),
(856, 'Brideshead revisited', 388, '', 'Anglais', 1),
(857, 'Edmund Campion (Biography)', 388, '', 'Anglais', 1),
(858, 'Scoop', 388, '', 'Anglais', 1),
(859, 'Work suspended', 388, '', 'Anglais', 1),
(860, 'My Apprenticeship', 389, '', 'Anglais', 1),
(861, 'Home school', 390, '', 'Anglais', 1),
(862, 'The Graduate', 390, '', 'Anglais', 1),
(863, 'Gone to earth', 391, '', 'Anglais', 1),
(864, 'The Duchess of Malfi', 392, '', 'Anglais', 1),
(865, 'Polaris and other stories', 393, '', 'Anglais', 1),
(866, 'The Cloning of Joanna May', 393, '', 'Anglais', 1),
(867, 'The Heart of the Country', 393, '', 'Anglais', 1),
(868, 'A propos de Dolores', 394, '', 'Anglais', 1),
(869, 'All aboard for Arafat', 394, '', 'Anglais', 1),
(870, 'Rippy’s … ?', 394, '', 'Anglais', 1),
(871, 'Tales of Wonder', 394, '', 'Anglais', 1),
(872, 'The Bollington of …?', 394, '', 'Anglais', 1),
(873, 'The History of Mr Polly (+ study)', 394, '', 'Anglais', 1),
(874, 'The New Machiavelli', 394, '', 'Anglais', 1),
(875, 'Tono-Bungay', 394, '', 'Anglais', 1),
(876, 'Roots', 395, '', 'Anglais', 1),
(877, 'The Wedding', 396, '', 'Anglais', 1),
(878, 'The Ambassador', 397, '', 'Anglais', 1),
(879, 'The Devil’s Advocate', 397, '', 'Anglais', 1),
(880, 'The Salamander', 397, '', 'Anglais', 1),
(881, 'Complete Works', 398, '', 'Anglais', 1),
(882, 'An Autobiography: A Backward Glance', 399, '', 'Anglais', 1),
(883, 'Ethan Frome', 399, '', 'Anglais', 1),
(884, 'The Age of Innocence', 399, '', 'Anglais', 1),
(885, 'The Buccaneers', 399, '', 'Anglais', 1),
(886, 'The Cruise of the Vanadis', 399, '', 'Anglais', 1),
(887, 'The Ghost Stories', 399, '', 'Anglais', 1),
(888, 'The Mother’s Recompense', 399, '', 'Anglais', 1),
(889, 'The reef', 399, '', 'Anglais', 1),
(890, 'The Stoics', 399, '', 'Anglais', 1),
(891, 'Riders in the Chariot', 400, '', 'Anglais', 1),
(892, 'The Cockatoos', 400, '', 'Anglais', 1),
(893, 'Voss', 400, '', 'Anglais', 1),
(894, 'Leaves of Grass', 401, '', 'Anglais', 1),
(895, 'A study', 402, '', 'Anglais', 1),
(896, 'Essays and Poems', 403, '', 'Anglais', 1),
(897, 'Lord Arthur Saville’s Crime and other stories', 403, '', 'Anglais', 1),
(898, 'The Picture of Dorian Gray', 403, '', 'Anglais', 2),
(899, 'The Uncollected Oscar Wilde', 403, '', 'Anglais', 1),
(900, 'The Bridge of San Luis Rey', 404, '', 'Anglais', 1),
(901, 'The Cabala', 404, '', 'Anglais', 1),
(902, 'The Women of Andros', 404, '', 'Anglais', 1),
(903, 'A Streetcar named Desire (+ The Glass Menagerie + Suddenly last Summer)', 405, '', 'Anglais', 1),
(904, 'Kipling', 406, '', 'Anglais', 1),
(905, 'A Bit off the Map and other stories', 407, '', 'Anglais', 1),
(906, 'Anglo-Saxon Attitudes', 407, '', 'Anglais', 1),
(907, 'Kipling', 407, '', 'Anglais', 1),
(908, 'The Old Men at the Zoo', 407, '', 'Anglais', 1),
(909, 'The Wrong Set and other stories', 407, '', 'Anglais', 1),
(910, 'The Crown of Life', 408, '', 'Anglais', 1),
(911, 'The Schlemiel (Schlemihl?) as modern hero', 409, '', 'Anglais', 1),
(912, 'Blandings Castle', 410, '', 'Anglais', 1),
(913, 'Laughing Gas', 410, '', 'Anglais', 1),
(914, 'A Study', 411, '', 'Anglais', 2),
(915, 'Que l’ange regarde de ce côté', 411, '', 'Anglais', 1),
(916, 'The Painted Word', 412, '', 'Anglais', 1),
(917, 'A Room of one’s own', 413, '', 'Anglais', 1),
(918, 'A Woman’s essays', 413, '', 'Anglais', 1),
(919, 'BELL Quentin: Woolf Volumes I and II', 413, '', 'Anglais', 1),
(920, 'Between the Acts', 413, '', 'Anglais', 1),
(921, 'Colloque de Cerisy', 413, '', 'Anglais', 1),
(922, 'HARPER Howard: Between Language and Silence: The Novels of Virginia Woolf', 413, '', 'Anglais', 1),
(923, 'Jacob’s Room', 413, '', 'Anglais', 2),
(924, 'LAURENCE Patricia Ondek: The reading of Silence: Virginia Woolf in the English Tradition', 413, '', 'Anglais', 1),
(925, 'Mrs Dalloway', 413, '', 'Anglais', 2),
(926, 'Orlando', 413, '', 'Anglais', 1),
(927, 'Plus', 413, '', 'Anglais', 1),
(928, 'The Voyage out', 413, '', 'Anglais', 1),
(929, 'The Waves (édition française)', 413, '', 'Anglais', 1),
(930, 'To the Lighthouse (+ 3 critical studies)', 413, '', 'Anglais', 2),
(931, 'While Rome burns', 414, '', 'Anglais', 1),
(932, 'Lyrical Ballads (with Samuel Taylor Coleridge)', 415, '', 'Anglais', 1),
(933, 'The Prelude (bilingual)', 415, '', 'Anglais', 1),
(934, 'Black Boy', 416, '', 'Anglais', 1),
(935, 'Native Son', 416, '', 'Anglais', 2),
(936, 'Collected Poems', 417, '', 'Anglais', 1),
(937, 'Poems', 417, '', 'Anglais', 1),
(938, 'Short Stories', 417, '', 'Anglais', 1),
(939, 'The Crescent Moon', 418, '', 'Anglais', 1),
(940, 'The French', 419, '', 'Anglais', 1);

-- --------------------------------------------------------

--
-- Structure de la table `reserver`
--

CREATE TABLE IF NOT EXISTS `reserver` (
  `numReservation` int(11) NOT NULL AUTO_INCREMENT,
  `numEmprunteur` int(10) NOT NULL,
  `numLivre` int(10) NOT NULL,
  `dateReservation` datetime NOT NULL,
  `retireReservation` tinyint(1) NOT NULL,
  PRIMARY KEY (`numReservation`),
  KEY `numLivre` (`numLivre`),
  KEY `numEmprunteur` (`numEmprunteur`)
) ENGINE=InnoDB DEFAULT CHARSET=utf8 AUTO_INCREMENT=1 ;

-- --------------------------------------------------------

--
-- Structure de la table `temoignage`
--

CREATE TABLE IF NOT EXISTS `temoignage` (
  `numTemoignage` int(11) NOT NULL AUTO_INCREMENT,
  `temoignage` text NOT NULL,
  `dateTemoignage` timestamp NOT NULL DEFAULT CURRENT_TIMESTAMP ON UPDATE CURRENT_TIMESTAMP,
  `numEmprunteur` int(11) NOT NULL,
  PRIMARY KEY (`numTemoignage`),
  KEY `numEmprunteur` (`numEmprunteur`)
) ENGINE=InnoDB  DEFAULT CHARSET=utf8 AUTO_INCREMENT=4 ;

--
-- Contraintes pour les tables exportées
--

--
-- Contraintes pour la table `critiquer`
--
ALTER TABLE `critiquer`
  ADD CONSTRAINT `critiquer_ibfk_3` FOREIGN KEY (`numEmprunteur`) REFERENCES `emprunteur` (`numEmprunteur`) ON DELETE CASCADE,
  ADD CONSTRAINT `critiquer_ibfk_4` FOREIGN KEY (`numLivre`) REFERENCES `livre` (`numLivre`) ON DELETE CASCADE;

--
-- Contraintes pour la table `emprunter`
--
ALTER TABLE `emprunter`
  ADD CONSTRAINT `emprunter_ibfk_4` FOREIGN KEY (`numLivre`) REFERENCES `livre` (`numLivre`) ON DELETE CASCADE,
  ADD CONSTRAINT `emprunter_ibfk_3` FOREIGN KEY (`numEmprunteur`) REFERENCES `emprunteur` (`numEmprunteur`) ON DELETE CASCADE;

--
-- Contraintes pour la table `evenement`
--
ALTER TABLE `evenement`
  ADD CONSTRAINT `evenement_ibfk_1` FOREIGN KEY (`numGestionnaire`) REFERENCES `gestionnaire` (`numGestionnaire`);

--
-- Contraintes pour la table `genre_livre`
--
ALTER TABLE `genre_livre`
  ADD CONSTRAINT `genre_livre_ibfk_1` FOREIGN KEY (`numGenre`) REFERENCES `genre` (`numGenre`),
  ADD CONSTRAINT `genre_livre_ibfk_2` FOREIGN KEY (`numLivre`) REFERENCES `livre` (`numLivre`);

--
-- Contraintes pour la table `livre`
--
ALTER TABLE `livre`
  ADD CONSTRAINT `livre_ibfk_2` FOREIGN KEY (`numAuteur`) REFERENCES `auteur` (`numAuteur`) ON DELETE CASCADE;

--
-- Contraintes pour la table `reserver`
--
ALTER TABLE `reserver`
  ADD CONSTRAINT `reserver_ibfk_1` FOREIGN KEY (`numEmprunteur`) REFERENCES `emprunteur` (`numEmprunteur`),
  ADD CONSTRAINT `reserver_ibfk_2` FOREIGN KEY (`numLivre`) REFERENCES `livre` (`numLivre`);

--
-- Contraintes pour la table `temoignage`
--
ALTER TABLE `temoignage`
  ADD CONSTRAINT `temoignage_ibfk_1` FOREIGN KEY (`numEmprunteur`) REFERENCES `emprunteur` (`numEmprunteur`) ON DELETE CASCADE;